"power","stat","dist","kn","n","cpt","delta"
0.75,"de","ar1_0.5","log",50,"c4rt",-2
0.5,"de","ar1_0.5","log",50,"c4rt",-1.9
0.7,"de","ar1_0.5","log",50,"c4rt",-1.8
0.65,"de","ar1_0.5","log",50,"c4rt",-1.7
0.6,"de","ar1_0.5","log",50,"c4rt",-1.6
0.6,"de","ar1_0.5","log",50,"c4rt",-1.5
0.65,"de","ar1_0.5","log",50,"c4rt",-1.4
0.5,"de","ar1_0.5","log",50,"c4rt",-1.3
0.5,"de","ar1_0.5","log",50,"c4rt",-1.2
0.65,"de","ar1_0.5","log",50,"c4rt",-1.1
0.25,"de","ar1_0.5","log",50,"c4rt",-1
0.35,"de","ar1_0.5","log",50,"c4rt",-0.9
0.3,"de","ar1_0.5","log",50,"c4rt",-0.8
0.5,"de","ar1_0.5","log",50,"c4rt",-0.7
0.45,"de","ar1_0.5","log",50,"c4rt",-0.6
0.1,"de","ar1_0.5","log",50,"c4rt",-0.5
0.3,"de","ar1_0.5","log",50,"c4rt",-0.4
0.25,"de","ar1_0.5","log",50,"c4rt",-0.3
0.25,"de","ar1_0.5","log",50,"c4rt",-0.2
0.35,"de","ar1_0.5","log",50,"c4rt",-0.0999999999999999
0.3,"de","ar1_0.5","log",50,"c4rt",0
0.25,"de","ar1_0.5","log",50,"c4rt",0.1
0.2,"de","ar1_0.5","log",50,"c4rt",0.2
0.1,"de","ar1_0.5","log",50,"c4rt",0.3
0.45,"de","ar1_0.5","log",50,"c4rt",0.4
0.4,"de","ar1_0.5","log",50,"c4rt",0.5
0.15,"de","ar1_0.5","log",50,"c4rt",0.6
0.45,"de","ar1_0.5","log",50,"c4rt",0.7
0.3,"de","ar1_0.5","log",50,"c4rt",0.8
0.3,"de","ar1_0.5","log",50,"c4rt",0.9
0.35,"de","ar1_0.5","log",50,"c4rt",1
0.2,"de","ar1_0.5","log",50,"c4rt",1.1
0.65,"de","ar1_0.5","log",50,"c4rt",1.2
0.45,"de","ar1_0.5","log",50,"c4rt",1.3
0.5,"de","ar1_0.5","log",50,"c4rt",1.4
0.65,"de","ar1_0.5","log",50,"c4rt",1.5
0.85,"de","ar1_0.5","log",50,"c4rt",1.6
0.85,"de","ar1_0.5","log",50,"c4rt",1.7
0.8,"de","ar1_0.5","log",50,"c4rt",1.8
0.7,"de","ar1_0.5","log",50,"c4rt",1.9
0.8,"de","ar1_0.5","log",50,"c4rt",2
0.2,"de","ar1_0.5","log",200,"c4rt",-2
0.1,"de","ar1_0.5","log",200,"c4rt",-1.9
0.1,"de","ar1_0.5","log",200,"c4rt",-1.8
0.15,"de","ar1_0.5","log",200,"c4rt",-1.7
0.1,"de","ar1_0.5","log",200,"c4rt",-1.6
0.2,"de","ar1_0.5","log",200,"c4rt",-1.5
0.15,"de","ar1_0.5","log",200,"c4rt",-1.4
0.05,"de","ar1_0.5","log",200,"c4rt",-1.3
0.1,"de","ar1_0.5","log",200,"c4rt",-1.2
0.15,"de","ar1_0.5","log",200,"c4rt",-1.1
0.05,"de","ar1_0.5","log",200,"c4rt",-1
0.1,"de","ar1_0.5","log",200,"c4rt",-0.9
0.05,"de","ar1_0.5","log",200,"c4rt",-0.8
0.05,"de","ar1_0.5","log",200,"c4rt",-0.7
0.15,"de","ar1_0.5","log",200,"c4rt",-0.6
0.05,"de","ar1_0.5","log",200,"c4rt",-0.5
0.05,"de","ar1_0.5","log",200,"c4rt",-0.4
0,"de","ar1_0.5","log",200,"c4rt",-0.3
0,"de","ar1_0.5","log",200,"c4rt",-0.2
0.05,"de","ar1_0.5","log",200,"c4rt",-0.0999999999999999
0,"de","ar1_0.5","log",200,"c4rt",0
0,"de","ar1_0.5","log",200,"c4rt",0.1
0,"de","ar1_0.5","log",200,"c4rt",0.2
0.05,"de","ar1_0.5","log",200,"c4rt",0.3
0.05,"de","ar1_0.5","log",200,"c4rt",0.4
0,"de","ar1_0.5","log",200,"c4rt",0.5
0,"de","ar1_0.5","log",200,"c4rt",0.6
0.1,"de","ar1_0.5","log",200,"c4rt",0.7
0.1,"de","ar1_0.5","log",200,"c4rt",0.8
0.2,"de","ar1_0.5","log",200,"c4rt",0.9
0,"de","ar1_0.5","log",200,"c4rt",1
0,"de","ar1_0.5","log",200,"c4rt",1.1
0.2,"de","ar1_0.5","log",200,"c4rt",1.2
0.05,"de","ar1_0.5","log",200,"c4rt",1.3
0.1,"de","ar1_0.5","log",200,"c4rt",1.4
0.3,"de","ar1_0.5","log",200,"c4rt",1.5
0.05,"de","ar1_0.5","log",200,"c4rt",1.6
0.2,"de","ar1_0.5","log",200,"c4rt",1.7
0.1,"de","ar1_0.5","log",200,"c4rt",1.8
0.2,"de","ar1_0.5","log",200,"c4rt",1.9
0.25,"de","ar1_0.5","log",200,"c4rt",2
0,"de","ar1_0.5","log",500,"c4rt",-2
0.15,"de","ar1_0.5","log",500,"c4rt",-1.9
0,"de","ar1_0.5","log",500,"c4rt",-1.8
0.1,"de","ar1_0.5","log",500,"c4rt",-1.7
0.2,"de","ar1_0.5","log",500,"c4rt",-1.6
0,"de","ar1_0.5","log",500,"c4rt",-1.5
0.05,"de","ar1_0.5","log",500,"c4rt",-1.4
0.05,"de","ar1_0.5","log",500,"c4rt",-1.3
0,"de","ar1_0.5","log",500,"c4rt",-1.2
0,"de","ar1_0.5","log",500,"c4rt",-1.1
0.05,"de","ar1_0.5","log",500,"c4rt",-1
0.05,"de","ar1_0.5","log",500,"c4rt",-0.9
0,"de","ar1_0.5","log",500,"c4rt",-0.8
0,"de","ar1_0.5","log",500,"c4rt",-0.7
0,"de","ar1_0.5","log",500,"c4rt",-0.6
0.05,"de","ar1_0.5","log",500,"c4rt",-0.5
0,"de","ar1_0.5","log",500,"c4rt",-0.4
0.05,"de","ar1_0.5","log",500,"c4rt",-0.3
0,"de","ar1_0.5","log",500,"c4rt",-0.2
0,"de","ar1_0.5","log",500,"c4rt",-0.0999999999999999
0,"de","ar1_0.5","log",500,"c4rt",0
0,"de","ar1_0.5","log",500,"c4rt",0.1
0.05,"de","ar1_0.5","log",500,"c4rt",0.2
0,"de","ar1_0.5","log",500,"c4rt",0.3
0,"de","ar1_0.5","log",500,"c4rt",0.4
0.15,"de","ar1_0.5","log",500,"c4rt",0.5
0.05,"de","ar1_0.5","log",500,"c4rt",0.6
0,"de","ar1_0.5","log",500,"c4rt",0.7
0,"de","ar1_0.5","log",500,"c4rt",0.8
0,"de","ar1_0.5","log",500,"c4rt",0.9
0,"de","ar1_0.5","log",500,"c4rt",1
0,"de","ar1_0.5","log",500,"c4rt",1.1
0,"de","ar1_0.5","log",500,"c4rt",1.2
0.1,"de","ar1_0.5","log",500,"c4rt",1.3
0.1,"de","ar1_0.5","log",500,"c4rt",1.4
0.05,"de","ar1_0.5","log",500,"c4rt",1.5
0.05,"de","ar1_0.5","log",500,"c4rt",1.6
0,"de","ar1_0.5","log",500,"c4rt",1.7
0.15,"de","ar1_0.5","log",500,"c4rt",1.8
0.1,"de","ar1_0.5","log",500,"c4rt",1.9
0.15,"de","ar1_0.5","log",500,"c4rt",2
0.8,"de","norm","log",50,"c4rt",-2
0.9,"de","norm","log",50,"c4rt",-1.9
0.95,"de","norm","log",50,"c4rt",-1.8
0.8,"de","norm","log",50,"c4rt",-1.7
0.8,"de","norm","log",50,"c4rt",-1.6
0.75,"de","norm","log",50,"c4rt",-1.5
0.6,"de","norm","log",50,"c4rt",-1.4
0.55,"de","norm","log",50,"c4rt",-1.3
0.5,"de","norm","log",50,"c4rt",-1.2
0.4,"de","norm","log",50,"c4rt",-1.1
0.25,"de","norm","log",50,"c4rt",-1
0.4,"de","norm","log",50,"c4rt",-0.9
0.3,"de","norm","log",50,"c4rt",-0.8
0.25,"de","norm","log",50,"c4rt",-0.7
0.05,"de","norm","log",50,"c4rt",-0.6
0.05,"de","norm","log",50,"c4rt",-0.5
0.2,"de","norm","log",50,"c4rt",-0.4
0,"de","norm","log",50,"c4rt",-0.3
0.1,"de","norm","log",50,"c4rt",-0.2
0.2,"de","norm","log",50,"c4rt",-0.0999999999999999
0.2,"de","norm","log",50,"c4rt",0
0,"de","norm","log",50,"c4rt",0.1
0.15,"de","norm","log",50,"c4rt",0.2
0.1,"de","norm","log",50,"c4rt",0.3
0,"de","norm","log",50,"c4rt",0.4
0.3,"de","norm","log",50,"c4rt",0.5
0.15,"de","norm","log",50,"c4rt",0.6
0.3,"de","norm","log",50,"c4rt",0.7
0.3,"de","norm","log",50,"c4rt",0.8
0.4,"de","norm","log",50,"c4rt",0.9
0.5,"de","norm","log",50,"c4rt",1
0.5,"de","norm","log",50,"c4rt",1.1
0.45,"de","norm","log",50,"c4rt",1.2
0.6,"de","norm","log",50,"c4rt",1.3
0.75,"de","norm","log",50,"c4rt",1.4
0.85,"de","norm","log",50,"c4rt",1.5
0.75,"de","norm","log",50,"c4rt",1.6
0.75,"de","norm","log",50,"c4rt",1.7
0.85,"de","norm","log",50,"c4rt",1.8
0.85,"de","norm","log",50,"c4rt",1.9
0.85,"de","norm","log",50,"c4rt",2
0.85,"de","norm","log",200,"c4rt",-2
0.8,"de","norm","log",200,"c4rt",-1.9
0.75,"de","norm","log",200,"c4rt",-1.8
0.5,"de","norm","log",200,"c4rt",-1.7
0.55,"de","norm","log",200,"c4rt",-1.6
0.4,"de","norm","log",200,"c4rt",-1.5
0.25,"de","norm","log",200,"c4rt",-1.4
0.25,"de","norm","log",200,"c4rt",-1.3
0.2,"de","norm","log",200,"c4rt",-1.2
0.15,"de","norm","log",200,"c4rt",-1.1
0.05,"de","norm","log",200,"c4rt",-1
0.05,"de","norm","log",200,"c4rt",-0.9
0,"de","norm","log",200,"c4rt",-0.8
0.05,"de","norm","log",200,"c4rt",-0.7
0,"de","norm","log",200,"c4rt",-0.6
0,"de","norm","log",200,"c4rt",-0.5
0.05,"de","norm","log",200,"c4rt",-0.4
0,"de","norm","log",200,"c4rt",-0.3
0.1,"de","norm","log",200,"c4rt",-0.2
0,"de","norm","log",200,"c4rt",-0.0999999999999999
0.05,"de","norm","log",200,"c4rt",0
0,"de","norm","log",200,"c4rt",0.1
0,"de","norm","log",200,"c4rt",0.2
0.05,"de","norm","log",200,"c4rt",0.3
0,"de","norm","log",200,"c4rt",0.4
0,"de","norm","log",200,"c4rt",0.5
0.15,"de","norm","log",200,"c4rt",0.6
0.05,"de","norm","log",200,"c4rt",0.7
0.05,"de","norm","log",200,"c4rt",0.8
0.05,"de","norm","log",200,"c4rt",0.9
0.25,"de","norm","log",200,"c4rt",1
0.1,"de","norm","log",200,"c4rt",1.1
0.2,"de","norm","log",200,"c4rt",1.2
0.15,"de","norm","log",200,"c4rt",1.3
0.3,"de","norm","log",200,"c4rt",1.4
0.55,"de","norm","log",200,"c4rt",1.5
0.35,"de","norm","log",200,"c4rt",1.6
0.4,"de","norm","log",200,"c4rt",1.7
0.7,"de","norm","log",200,"c4rt",1.8
0.65,"de","norm","log",200,"c4rt",1.9
0.6,"de","norm","log",200,"c4rt",2
0.9,"de","norm","log",500,"c4rt",-2
0.75,"de","norm","log",500,"c4rt",-1.9
0.65,"de","norm","log",500,"c4rt",-1.8
0.55,"de","norm","log",500,"c4rt",-1.7
0.55,"de","norm","log",500,"c4rt",-1.6
0.2,"de","norm","log",500,"c4rt",-1.5
0.3,"de","norm","log",500,"c4rt",-1.4
0.1,"de","norm","log",500,"c4rt",-1.3
0.25,"de","norm","log",500,"c4rt",-1.2
0.1,"de","norm","log",500,"c4rt",-1.1
0.05,"de","norm","log",500,"c4rt",-1
0.05,"de","norm","log",500,"c4rt",-0.9
0.1,"de","norm","log",500,"c4rt",-0.8
0.05,"de","norm","log",500,"c4rt",-0.7
0,"de","norm","log",500,"c4rt",-0.6
0,"de","norm","log",500,"c4rt",-0.5
0,"de","norm","log",500,"c4rt",-0.4
0,"de","norm","log",500,"c4rt",-0.3
0,"de","norm","log",500,"c4rt",-0.2
0,"de","norm","log",500,"c4rt",-0.0999999999999999
0,"de","norm","log",500,"c4rt",0
0,"de","norm","log",500,"c4rt",0.1
0,"de","norm","log",500,"c4rt",0.2
0.05,"de","norm","log",500,"c4rt",0.3
0,"de","norm","log",500,"c4rt",0.4
0,"de","norm","log",500,"c4rt",0.5
0,"de","norm","log",500,"c4rt",0.6
0,"de","norm","log",500,"c4rt",0.7
0.05,"de","norm","log",500,"c4rt",0.8
0.1,"de","norm","log",500,"c4rt",0.9
0.1,"de","norm","log",500,"c4rt",1
0.1,"de","norm","log",500,"c4rt",1.1
0.1,"de","norm","log",500,"c4rt",1.2
0.35,"de","norm","log",500,"c4rt",1.3
0.2,"de","norm","log",500,"c4rt",1.4
0.35,"de","norm","log",500,"c4rt",1.5
0.3,"de","norm","log",500,"c4rt",1.6
0.6,"de","norm","log",500,"c4rt",1.7
0.45,"de","norm","log",500,"c4rt",1.8
0.35,"de","norm","log",500,"c4rt",1.9
0.6,"de","norm","log",500,"c4rt",2
0.4,"de","garch11_a0.1_b0.7_o0.5","log",50,"c4rt",-2
0.5,"de","garch11_a0.1_b0.7_o0.5","log",50,"c4rt",-1.9
0.55,"de","garch11_a0.1_b0.7_o0.5","log",50,"c4rt",-1.8
0.4,"de","garch11_a0.1_b0.7_o0.5","log",50,"c4rt",-1.7
0.5,"de","garch11_a0.1_b0.7_o0.5","log",50,"c4rt",-1.6
0.5,"de","garch11_a0.1_b0.7_o0.5","log",50,"c4rt",-1.5
0.35,"de","garch11_a0.1_b0.7_o0.5","log",50,"c4rt",-1.4
0.1,"de","garch11_a0.1_b0.7_o0.5","log",50,"c4rt",-1.3
0.4,"de","garch11_a0.1_b0.7_o0.5","log",50,"c4rt",-1.2
0.25,"de","garch11_a0.1_b0.7_o0.5","log",50,"c4rt",-1.1
0.15,"de","garch11_a0.1_b0.7_o0.5","log",50,"c4rt",-1
0.05,"de","garch11_a0.1_b0.7_o0.5","log",50,"c4rt",-0.9
0.15,"de","garch11_a0.1_b0.7_o0.5","log",50,"c4rt",-0.8
0.25,"de","garch11_a0.1_b0.7_o0.5","log",50,"c4rt",-0.7
0.15,"de","garch11_a0.1_b0.7_o0.5","log",50,"c4rt",-0.6
0.05,"de","garch11_a0.1_b0.7_o0.5","log",50,"c4rt",-0.5
0.05,"de","garch11_a0.1_b0.7_o0.5","log",50,"c4rt",-0.4
0.2,"de","garch11_a0.1_b0.7_o0.5","log",50,"c4rt",-0.3
0.1,"de","garch11_a0.1_b0.7_o0.5","log",50,"c4rt",-0.2
0.05,"de","garch11_a0.1_b0.7_o0.5","log",50,"c4rt",-0.0999999999999999
0,"de","garch11_a0.1_b0.7_o0.5","log",50,"c4rt",0
0,"de","garch11_a0.1_b0.7_o0.5","log",50,"c4rt",0.1
0.05,"de","garch11_a0.1_b0.7_o0.5","log",50,"c4rt",0.2
0.1,"de","garch11_a0.1_b0.7_o0.5","log",50,"c4rt",0.3
0.2,"de","garch11_a0.1_b0.7_o0.5","log",50,"c4rt",0.4
0.4,"de","garch11_a0.1_b0.7_o0.5","log",50,"c4rt",0.5
0.2,"de","garch11_a0.1_b0.7_o0.5","log",50,"c4rt",0.6
0.3,"de","garch11_a0.1_b0.7_o0.5","log",50,"c4rt",0.7
0.1,"de","garch11_a0.1_b0.7_o0.5","log",50,"c4rt",0.8
0.2,"de","garch11_a0.1_b0.7_o0.5","log",50,"c4rt",0.9
0.15,"de","garch11_a0.1_b0.7_o0.5","log",50,"c4rt",1
0.15,"de","garch11_a0.1_b0.7_o0.5","log",50,"c4rt",1.1
0.35,"de","garch11_a0.1_b0.7_o0.5","log",50,"c4rt",1.2
0.35,"de","garch11_a0.1_b0.7_o0.5","log",50,"c4rt",1.3
0.3,"de","garch11_a0.1_b0.7_o0.5","log",50,"c4rt",1.4
0.4,"de","garch11_a0.1_b0.7_o0.5","log",50,"c4rt",1.5
0.4,"de","garch11_a0.1_b0.7_o0.5","log",50,"c4rt",1.6
0.4,"de","garch11_a0.1_b0.7_o0.5","log",50,"c4rt",1.7
0.4,"de","garch11_a0.1_b0.7_o0.5","log",50,"c4rt",1.8
0.5,"de","garch11_a0.1_b0.7_o0.5","log",50,"c4rt",1.9
0.4,"de","garch11_a0.1_b0.7_o0.5","log",50,"c4rt",2
0.2,"de","garch11_a0.1_b0.7_o0.5","log",200,"c4rt",-2
0.2,"de","garch11_a0.1_b0.7_o0.5","log",200,"c4rt",-1.9
0.25,"de","garch11_a0.1_b0.7_o0.5","log",200,"c4rt",-1.8
0.15,"de","garch11_a0.1_b0.7_o0.5","log",200,"c4rt",-1.7
0.15,"de","garch11_a0.1_b0.7_o0.5","log",200,"c4rt",-1.6
0.1,"de","garch11_a0.1_b0.7_o0.5","log",200,"c4rt",-1.5
0.3,"de","garch11_a0.1_b0.7_o0.5","log",200,"c4rt",-1.4
0.15,"de","garch11_a0.1_b0.7_o0.5","log",200,"c4rt",-1.3
0.05,"de","garch11_a0.1_b0.7_o0.5","log",200,"c4rt",-1.2
0,"de","garch11_a0.1_b0.7_o0.5","log",200,"c4rt",-1.1
0.1,"de","garch11_a0.1_b0.7_o0.5","log",200,"c4rt",-1
0.1,"de","garch11_a0.1_b0.7_o0.5","log",200,"c4rt",-0.9
0.1,"de","garch11_a0.1_b0.7_o0.5","log",200,"c4rt",-0.8
0,"de","garch11_a0.1_b0.7_o0.5","log",200,"c4rt",-0.7
0.15,"de","garch11_a0.1_b0.7_o0.5","log",200,"c4rt",-0.6
0,"de","garch11_a0.1_b0.7_o0.5","log",200,"c4rt",-0.5
0.05,"de","garch11_a0.1_b0.7_o0.5","log",200,"c4rt",-0.4
0.05,"de","garch11_a0.1_b0.7_o0.5","log",200,"c4rt",-0.3
0,"de","garch11_a0.1_b0.7_o0.5","log",200,"c4rt",-0.2
0.05,"de","garch11_a0.1_b0.7_o0.5","log",200,"c4rt",-0.0999999999999999
0,"de","garch11_a0.1_b0.7_o0.5","log",200,"c4rt",0
0,"de","garch11_a0.1_b0.7_o0.5","log",200,"c4rt",0.1
0,"de","garch11_a0.1_b0.7_o0.5","log",200,"c4rt",0.2
0.05,"de","garch11_a0.1_b0.7_o0.5","log",200,"c4rt",0.3
0.05,"de","garch11_a0.1_b0.7_o0.5","log",200,"c4rt",0.4
0.05,"de","garch11_a0.1_b0.7_o0.5","log",200,"c4rt",0.5
0.05,"de","garch11_a0.1_b0.7_o0.5","log",200,"c4rt",0.6
0,"de","garch11_a0.1_b0.7_o0.5","log",200,"c4rt",0.7
0.05,"de","garch11_a0.1_b0.7_o0.5","log",200,"c4rt",0.8
0.1,"de","garch11_a0.1_b0.7_o0.5","log",200,"c4rt",0.9
0,"de","garch11_a0.1_b0.7_o0.5","log",200,"c4rt",1
0.05,"de","garch11_a0.1_b0.7_o0.5","log",200,"c4rt",1.1
0.25,"de","garch11_a0.1_b0.7_o0.5","log",200,"c4rt",1.2
0.25,"de","garch11_a0.1_b0.7_o0.5","log",200,"c4rt",1.3
0.05,"de","garch11_a0.1_b0.7_o0.5","log",200,"c4rt",1.4
0.2,"de","garch11_a0.1_b0.7_o0.5","log",200,"c4rt",1.5
0.1,"de","garch11_a0.1_b0.7_o0.5","log",200,"c4rt",1.6
0.15,"de","garch11_a0.1_b0.7_o0.5","log",200,"c4rt",1.7
0.05,"de","garch11_a0.1_b0.7_o0.5","log",200,"c4rt",1.8
0.1,"de","garch11_a0.1_b0.7_o0.5","log",200,"c4rt",1.9
0.45,"de","garch11_a0.1_b0.7_o0.5","log",200,"c4rt",2
0.25,"de","garch11_a0.1_b0.7_o0.5","log",500,"c4rt",-2
0.1,"de","garch11_a0.1_b0.7_o0.5","log",500,"c4rt",-1.9
0.05,"de","garch11_a0.1_b0.7_o0.5","log",500,"c4rt",-1.8
0.1,"de","garch11_a0.1_b0.7_o0.5","log",500,"c4rt",-1.7
0.2,"de","garch11_a0.1_b0.7_o0.5","log",500,"c4rt",-1.6
0,"de","garch11_a0.1_b0.7_o0.5","log",500,"c4rt",-1.5
0.1,"de","garch11_a0.1_b0.7_o0.5","log",500,"c4rt",-1.4
0.1,"de","garch11_a0.1_b0.7_o0.5","log",500,"c4rt",-1.3
0,"de","garch11_a0.1_b0.7_o0.5","log",500,"c4rt",-1.2
0.05,"de","garch11_a0.1_b0.7_o0.5","log",500,"c4rt",-1.1
0,"de","garch11_a0.1_b0.7_o0.5","log",500,"c4rt",-1
0,"de","garch11_a0.1_b0.7_o0.5","log",500,"c4rt",-0.9
0.05,"de","garch11_a0.1_b0.7_o0.5","log",500,"c4rt",-0.8
0.05,"de","garch11_a0.1_b0.7_o0.5","log",500,"c4rt",-0.7
0,"de","garch11_a0.1_b0.7_o0.5","log",500,"c4rt",-0.6
0,"de","garch11_a0.1_b0.7_o0.5","log",500,"c4rt",-0.5
0,"de","garch11_a0.1_b0.7_o0.5","log",500,"c4rt",-0.4
0.05,"de","garch11_a0.1_b0.7_o0.5","log",500,"c4rt",-0.3
0,"de","garch11_a0.1_b0.7_o0.5","log",500,"c4rt",-0.2
0,"de","garch11_a0.1_b0.7_o0.5","log",500,"c4rt",-0.0999999999999999
0,"de","garch11_a0.1_b0.7_o0.5","log",500,"c4rt",0
0,"de","garch11_a0.1_b0.7_o0.5","log",500,"c4rt",0.1
0,"de","garch11_a0.1_b0.7_o0.5","log",500,"c4rt",0.2
0,"de","garch11_a0.1_b0.7_o0.5","log",500,"c4rt",0.3
0,"de","garch11_a0.1_b0.7_o0.5","log",500,"c4rt",0.4
0.05,"de","garch11_a0.1_b0.7_o0.5","log",500,"c4rt",0.5
0,"de","garch11_a0.1_b0.7_o0.5","log",500,"c4rt",0.6
0,"de","garch11_a0.1_b0.7_o0.5","log",500,"c4rt",0.7
0,"de","garch11_a0.1_b0.7_o0.5","log",500,"c4rt",0.8
0,"de","garch11_a0.1_b0.7_o0.5","log",500,"c4rt",0.9
0,"de","garch11_a0.1_b0.7_o0.5","log",500,"c4rt",1
0.05,"de","garch11_a0.1_b0.7_o0.5","log",500,"c4rt",1.1
0,"de","garch11_a0.1_b0.7_o0.5","log",500,"c4rt",1.2
0.15,"de","garch11_a0.1_b0.7_o0.5","log",500,"c4rt",1.3
0,"de","garch11_a0.1_b0.7_o0.5","log",500,"c4rt",1.4
0.15,"de","garch11_a0.1_b0.7_o0.5","log",500,"c4rt",1.5
0.05,"de","garch11_a0.1_b0.7_o0.5","log",500,"c4rt",1.6
0.05,"de","garch11_a0.1_b0.7_o0.5","log",500,"c4rt",1.7
0.15,"de","garch11_a0.1_b0.7_o0.5","log",500,"c4rt",1.8
0.1,"de","garch11_a0.1_b0.7_o0.5","log",500,"c4rt",1.9
0.3,"de","garch11_a0.1_b0.7_o0.5","log",500,"c4rt",2
0.1,"hs","ar1_0.5","log",50,"c4rt",-2
0.1,"hs","ar1_0.5","log",50,"c4rt",-1.9
0.05,"hs","ar1_0.5","log",50,"c4rt",-1.8
0,"hs","ar1_0.5","log",50,"c4rt",-1.7
0.05,"hs","ar1_0.5","log",50,"c4rt",-1.6
0.05,"hs","ar1_0.5","log",50,"c4rt",-1.5
0,"hs","ar1_0.5","log",50,"c4rt",-1.4
0.1,"hs","ar1_0.5","log",50,"c4rt",-1.3
0.05,"hs","ar1_0.5","log",50,"c4rt",-1.2
0.05,"hs","ar1_0.5","log",50,"c4rt",-1.1
0,"hs","ar1_0.5","log",50,"c4rt",-1
0,"hs","ar1_0.5","log",50,"c4rt",-0.9
0,"hs","ar1_0.5","log",50,"c4rt",-0.8
0,"hs","ar1_0.5","log",50,"c4rt",-0.7
0,"hs","ar1_0.5","log",50,"c4rt",-0.6
0.05,"hs","ar1_0.5","log",50,"c4rt",-0.5
0,"hs","ar1_0.5","log",50,"c4rt",-0.4
0.05,"hs","ar1_0.5","log",50,"c4rt",-0.3
0,"hs","ar1_0.5","log",50,"c4rt",-0.2
0,"hs","ar1_0.5","log",50,"c4rt",-0.0999999999999999
0.05,"hs","ar1_0.5","log",50,"c4rt",0
0,"hs","ar1_0.5","log",50,"c4rt",0.1
0,"hs","ar1_0.5","log",50,"c4rt",0.2
0,"hs","ar1_0.5","log",50,"c4rt",0.3
0,"hs","ar1_0.5","log",50,"c4rt",0.4
0,"hs","ar1_0.5","log",50,"c4rt",0.5
0,"hs","ar1_0.5","log",50,"c4rt",0.6
0,"hs","ar1_0.5","log",50,"c4rt",0.7
0,"hs","ar1_0.5","log",50,"c4rt",0.8
0.05,"hs","ar1_0.5","log",50,"c4rt",0.9
0,"hs","ar1_0.5","log",50,"c4rt",1
0.05,"hs","ar1_0.5","log",50,"c4rt",1.1
0.05,"hs","ar1_0.5","log",50,"c4rt",1.2
0.05,"hs","ar1_0.5","log",50,"c4rt",1.3
0.05,"hs","ar1_0.5","log",50,"c4rt",1.4
0.25,"hs","ar1_0.5","log",50,"c4rt",1.5
0.1,"hs","ar1_0.5","log",50,"c4rt",1.6
0.15,"hs","ar1_0.5","log",50,"c4rt",1.7
0,"hs","ar1_0.5","log",50,"c4rt",1.8
0.15,"hs","ar1_0.5","log",50,"c4rt",1.9
0.2,"hs","ar1_0.5","log",50,"c4rt",2
0.35,"hs","ar1_0.5","log",200,"c4rt",-2
0.2,"hs","ar1_0.5","log",200,"c4rt",-1.9
0.2,"hs","ar1_0.5","log",200,"c4rt",-1.8
0.1,"hs","ar1_0.5","log",200,"c4rt",-1.7
0.05,"hs","ar1_0.5","log",200,"c4rt",-1.6
0.15,"hs","ar1_0.5","log",200,"c4rt",-1.5
0,"hs","ar1_0.5","log",200,"c4rt",-1.4
0.1,"hs","ar1_0.5","log",200,"c4rt",-1.3
0.1,"hs","ar1_0.5","log",200,"c4rt",-1.2
0.1,"hs","ar1_0.5","log",200,"c4rt",-1.1
0.05,"hs","ar1_0.5","log",200,"c4rt",-1
0,"hs","ar1_0.5","log",200,"c4rt",-0.9
0.05,"hs","ar1_0.5","log",200,"c4rt",-0.8
0.05,"hs","ar1_0.5","log",200,"c4rt",-0.7
0,"hs","ar1_0.5","log",200,"c4rt",-0.6
0.05,"hs","ar1_0.5","log",200,"c4rt",-0.5
0,"hs","ar1_0.5","log",200,"c4rt",-0.4
0.1,"hs","ar1_0.5","log",200,"c4rt",-0.3
0.05,"hs","ar1_0.5","log",200,"c4rt",-0.2
0,"hs","ar1_0.5","log",200,"c4rt",-0.0999999999999999
0,"hs","ar1_0.5","log",200,"c4rt",0
0,"hs","ar1_0.5","log",200,"c4rt",0.1
0.1,"hs","ar1_0.5","log",200,"c4rt",0.2
0,"hs","ar1_0.5","log",200,"c4rt",0.3
0.05,"hs","ar1_0.5","log",200,"c4rt",0.4
0,"hs","ar1_0.5","log",200,"c4rt",0.5
0,"hs","ar1_0.5","log",200,"c4rt",0.6
0.1,"hs","ar1_0.5","log",200,"c4rt",0.7
0,"hs","ar1_0.5","log",200,"c4rt",0.8
0,"hs","ar1_0.5","log",200,"c4rt",0.9
0.05,"hs","ar1_0.5","log",200,"c4rt",1
0.05,"hs","ar1_0.5","log",200,"c4rt",1.1
0.05,"hs","ar1_0.5","log",200,"c4rt",1.2
0,"hs","ar1_0.5","log",200,"c4rt",1.3
0.05,"hs","ar1_0.5","log",200,"c4rt",1.4
0.05,"hs","ar1_0.5","log",200,"c4rt",1.5
0.2,"hs","ar1_0.5","log",200,"c4rt",1.6
0.15,"hs","ar1_0.5","log",200,"c4rt",1.7
0.1,"hs","ar1_0.5","log",200,"c4rt",1.8
0.1,"hs","ar1_0.5","log",200,"c4rt",1.9
0.15,"hs","ar1_0.5","log",200,"c4rt",2
0.25,"hs","ar1_0.5","log",500,"c4rt",-2
0.1,"hs","ar1_0.5","log",500,"c4rt",-1.9
0.25,"hs","ar1_0.5","log",500,"c4rt",-1.8
0.15,"hs","ar1_0.5","log",500,"c4rt",-1.7
0.05,"hs","ar1_0.5","log",500,"c4rt",-1.6
0.2,"hs","ar1_0.5","log",500,"c4rt",-1.5
0.1,"hs","ar1_0.5","log",500,"c4rt",-1.4
0.15,"hs","ar1_0.5","log",500,"c4rt",-1.3
0,"hs","ar1_0.5","log",500,"c4rt",-1.2
0.1,"hs","ar1_0.5","log",500,"c4rt",-1.1
0,"hs","ar1_0.5","log",500,"c4rt",-1
0,"hs","ar1_0.5","log",500,"c4rt",-0.9
0.05,"hs","ar1_0.5","log",500,"c4rt",-0.8
0,"hs","ar1_0.5","log",500,"c4rt",-0.7
0.05,"hs","ar1_0.5","log",500,"c4rt",-0.6
0.05,"hs","ar1_0.5","log",500,"c4rt",-0.5
0,"hs","ar1_0.5","log",500,"c4rt",-0.4
0,"hs","ar1_0.5","log",500,"c4rt",-0.3
0,"hs","ar1_0.5","log",500,"c4rt",-0.2
0,"hs","ar1_0.5","log",500,"c4rt",-0.0999999999999999
0.05,"hs","ar1_0.5","log",500,"c4rt",0
0,"hs","ar1_0.5","log",500,"c4rt",0.1
0,"hs","ar1_0.5","log",500,"c4rt",0.2
0,"hs","ar1_0.5","log",500,"c4rt",0.3
0.1,"hs","ar1_0.5","log",500,"c4rt",0.4
0,"hs","ar1_0.5","log",500,"c4rt",0.5
0,"hs","ar1_0.5","log",500,"c4rt",0.6
0.05,"hs","ar1_0.5","log",500,"c4rt",0.7
0,"hs","ar1_0.5","log",500,"c4rt",0.8
0.05,"hs","ar1_0.5","log",500,"c4rt",0.9
0,"hs","ar1_0.5","log",500,"c4rt",1
0.05,"hs","ar1_0.5","log",500,"c4rt",1.1
0.2,"hs","ar1_0.5","log",500,"c4rt",1.2
0.05,"hs","ar1_0.5","log",500,"c4rt",1.3
0.05,"hs","ar1_0.5","log",500,"c4rt",1.4
0.15,"hs","ar1_0.5","log",500,"c4rt",1.5
0.2,"hs","ar1_0.5","log",500,"c4rt",1.6
0.05,"hs","ar1_0.5","log",500,"c4rt",1.7
0.2,"hs","ar1_0.5","log",500,"c4rt",1.8
0.2,"hs","ar1_0.5","log",500,"c4rt",1.9
0.2,"hs","ar1_0.5","log",500,"c4rt",2
0.45,"hs","norm","log",50,"c4rt",-2
0.2,"hs","norm","log",50,"c4rt",-1.9
0.2,"hs","norm","log",50,"c4rt",-1.8
0.15,"hs","norm","log",50,"c4rt",-1.7
0.2,"hs","norm","log",50,"c4rt",-1.6
0.45,"hs","norm","log",50,"c4rt",-1.5
0,"hs","norm","log",50,"c4rt",-1.4
0.2,"hs","norm","log",50,"c4rt",-1.3
0.15,"hs","norm","log",50,"c4rt",-1.2
0,"hs","norm","log",50,"c4rt",-1.1
0.1,"hs","norm","log",50,"c4rt",-1
0,"hs","norm","log",50,"c4rt",-0.9
0.1,"hs","norm","log",50,"c4rt",-0.8
0.15,"hs","norm","log",50,"c4rt",-0.7
0.05,"hs","norm","log",50,"c4rt",-0.6
0.1,"hs","norm","log",50,"c4rt",-0.5
0,"hs","norm","log",50,"c4rt",-0.4
0.05,"hs","norm","log",50,"c4rt",-0.3
0.05,"hs","norm","log",50,"c4rt",-0.2
0.05,"hs","norm","log",50,"c4rt",-0.0999999999999999
0,"hs","norm","log",50,"c4rt",0
0.05,"hs","norm","log",50,"c4rt",0.1
0,"hs","norm","log",50,"c4rt",0.2
0,"hs","norm","log",50,"c4rt",0.3
0.05,"hs","norm","log",50,"c4rt",0.4
0,"hs","norm","log",50,"c4rt",0.5
0.15,"hs","norm","log",50,"c4rt",0.6
0.05,"hs","norm","log",50,"c4rt",0.7
0,"hs","norm","log",50,"c4rt",0.8
0,"hs","norm","log",50,"c4rt",0.9
0.05,"hs","norm","log",50,"c4rt",1
0,"hs","norm","log",50,"c4rt",1.1
0,"hs","norm","log",50,"c4rt",1.2
0.15,"hs","norm","log",50,"c4rt",1.3
0.15,"hs","norm","log",50,"c4rt",1.4
0.3,"hs","norm","log",50,"c4rt",1.5
0.2,"hs","norm","log",50,"c4rt",1.6
0.35,"hs","norm","log",50,"c4rt",1.7
0.15,"hs","norm","log",50,"c4rt",1.8
0.3,"hs","norm","log",50,"c4rt",1.9
0.35,"hs","norm","log",50,"c4rt",2
0.85,"hs","norm","log",200,"c4rt",-2
0.6,"hs","norm","log",200,"c4rt",-1.9
0.8,"hs","norm","log",200,"c4rt",-1.8
0.7,"hs","norm","log",200,"c4rt",-1.7
0.5,"hs","norm","log",200,"c4rt",-1.6
0.45,"hs","norm","log",200,"c4rt",-1.5
0.45,"hs","norm","log",200,"c4rt",-1.4
0.25,"hs","norm","log",200,"c4rt",-1.3
0.3,"hs","norm","log",200,"c4rt",-1.2
0.1,"hs","norm","log",200,"c4rt",-1.1
0.2,"hs","norm","log",200,"c4rt",-1
0.2,"hs","norm","log",200,"c4rt",-0.9
0.05,"hs","norm","log",200,"c4rt",-0.8
0.15,"hs","norm","log",200,"c4rt",-0.7
0.05,"hs","norm","log",200,"c4rt",-0.6
0.05,"hs","norm","log",200,"c4rt",-0.5
0.05,"hs","norm","log",200,"c4rt",-0.4
0,"hs","norm","log",200,"c4rt",-0.3
0.05,"hs","norm","log",200,"c4rt",-0.2
0,"hs","norm","log",200,"c4rt",-0.0999999999999999
0.05,"hs","norm","log",200,"c4rt",0
0,"hs","norm","log",200,"c4rt",0.1
0,"hs","norm","log",200,"c4rt",0.2
0,"hs","norm","log",200,"c4rt",0.3
0.05,"hs","norm","log",200,"c4rt",0.4
0.1,"hs","norm","log",200,"c4rt",0.5
0.2,"hs","norm","log",200,"c4rt",0.6
0.05,"hs","norm","log",200,"c4rt",0.7
0.3,"hs","norm","log",200,"c4rt",0.8
0.1,"hs","norm","log",200,"c4rt",0.9
0.1,"hs","norm","log",200,"c4rt",1
0.25,"hs","norm","log",200,"c4rt",1.1
0.25,"hs","norm","log",200,"c4rt",1.2
0.45,"hs","norm","log",200,"c4rt",1.3
0.3,"hs","norm","log",200,"c4rt",1.4
0.3,"hs","norm","log",200,"c4rt",1.5
0.6,"hs","norm","log",200,"c4rt",1.6
0.55,"hs","norm","log",200,"c4rt",1.7
0.75,"hs","norm","log",200,"c4rt",1.8
0.7,"hs","norm","log",200,"c4rt",1.9
0.6,"hs","norm","log",200,"c4rt",2
0.85,"hs","norm","log",500,"c4rt",-2
0.85,"hs","norm","log",500,"c4rt",-1.9
0.75,"hs","norm","log",500,"c4rt",-1.8
0.8,"hs","norm","log",500,"c4rt",-1.7
0.65,"hs","norm","log",500,"c4rt",-1.6
0.6,"hs","norm","log",500,"c4rt",-1.5
0.65,"hs","norm","log",500,"c4rt",-1.4
0.45,"hs","norm","log",500,"c4rt",-1.3
0.45,"hs","norm","log",500,"c4rt",-1.2
0.35,"hs","norm","log",500,"c4rt",-1.1
0.25,"hs","norm","log",500,"c4rt",-1
0.2,"hs","norm","log",500,"c4rt",-0.9
0.15,"hs","norm","log",500,"c4rt",-0.8
0.25,"hs","norm","log",500,"c4rt",-0.7
0.15,"hs","norm","log",500,"c4rt",-0.6
0.05,"hs","norm","log",500,"c4rt",-0.5
0.1,"hs","norm","log",500,"c4rt",-0.4
0.05,"hs","norm","log",500,"c4rt",-0.3
0,"hs","norm","log",500,"c4rt",-0.2
0.05,"hs","norm","log",500,"c4rt",-0.0999999999999999
0.1,"hs","norm","log",500,"c4rt",0
0.15,"hs","norm","log",500,"c4rt",0.1
0,"hs","norm","log",500,"c4rt",0.2
0.05,"hs","norm","log",500,"c4rt",0.3
0.05,"hs","norm","log",500,"c4rt",0.4
0.05,"hs","norm","log",500,"c4rt",0.5
0.1,"hs","norm","log",500,"c4rt",0.6
0.3,"hs","norm","log",500,"c4rt",0.7
0.2,"hs","norm","log",500,"c4rt",0.8
0.25,"hs","norm","log",500,"c4rt",0.9
0.35,"hs","norm","log",500,"c4rt",1
0.35,"hs","norm","log",500,"c4rt",1.1
0.45,"hs","norm","log",500,"c4rt",1.2
0.45,"hs","norm","log",500,"c4rt",1.3
0.55,"hs","norm","log",500,"c4rt",1.4
0.8,"hs","norm","log",500,"c4rt",1.5
0.5,"hs","norm","log",500,"c4rt",1.6
0.8,"hs","norm","log",500,"c4rt",1.7
0.8,"hs","norm","log",500,"c4rt",1.8
0.9,"hs","norm","log",500,"c4rt",1.9
0.85,"hs","norm","log",500,"c4rt",2
0.15,"hs","garch11_a0.1_b0.7_o0.5","log",50,"c4rt",-2
0.25,"hs","garch11_a0.1_b0.7_o0.5","log",50,"c4rt",-1.9
0.2,"hs","garch11_a0.1_b0.7_o0.5","log",50,"c4rt",-1.8
0.1,"hs","garch11_a0.1_b0.7_o0.5","log",50,"c4rt",-1.7
0.15,"hs","garch11_a0.1_b0.7_o0.5","log",50,"c4rt",-1.6
0.05,"hs","garch11_a0.1_b0.7_o0.5","log",50,"c4rt",-1.5
0,"hs","garch11_a0.1_b0.7_o0.5","log",50,"c4rt",-1.4
0.05,"hs","garch11_a0.1_b0.7_o0.5","log",50,"c4rt",-1.3
0.15,"hs","garch11_a0.1_b0.7_o0.5","log",50,"c4rt",-1.2
0.2,"hs","garch11_a0.1_b0.7_o0.5","log",50,"c4rt",-1.1
0.1,"hs","garch11_a0.1_b0.7_o0.5","log",50,"c4rt",-1
0.05,"hs","garch11_a0.1_b0.7_o0.5","log",50,"c4rt",-0.9
0.05,"hs","garch11_a0.1_b0.7_o0.5","log",50,"c4rt",-0.8
0,"hs","garch11_a0.1_b0.7_o0.5","log",50,"c4rt",-0.7
0.1,"hs","garch11_a0.1_b0.7_o0.5","log",50,"c4rt",-0.6
0.1,"hs","garch11_a0.1_b0.7_o0.5","log",50,"c4rt",-0.5
0.05,"hs","garch11_a0.1_b0.7_o0.5","log",50,"c4rt",-0.4
0.1,"hs","garch11_a0.1_b0.7_o0.5","log",50,"c4rt",-0.3
0.1,"hs","garch11_a0.1_b0.7_o0.5","log",50,"c4rt",-0.2
0,"hs","garch11_a0.1_b0.7_o0.5","log",50,"c4rt",-0.0999999999999999
0.1,"hs","garch11_a0.1_b0.7_o0.5","log",50,"c4rt",0
0.1,"hs","garch11_a0.1_b0.7_o0.5","log",50,"c4rt",0.1
0,"hs","garch11_a0.1_b0.7_o0.5","log",50,"c4rt",0.2
0.05,"hs","garch11_a0.1_b0.7_o0.5","log",50,"c4rt",0.3
0.05,"hs","garch11_a0.1_b0.7_o0.5","log",50,"c4rt",0.4
0.15,"hs","garch11_a0.1_b0.7_o0.5","log",50,"c4rt",0.5
0.05,"hs","garch11_a0.1_b0.7_o0.5","log",50,"c4rt",0.6
0.05,"hs","garch11_a0.1_b0.7_o0.5","log",50,"c4rt",0.7
0,"hs","garch11_a0.1_b0.7_o0.5","log",50,"c4rt",0.8
0.1,"hs","garch11_a0.1_b0.7_o0.5","log",50,"c4rt",0.9
0.1,"hs","garch11_a0.1_b0.7_o0.5","log",50,"c4rt",1
0.05,"hs","garch11_a0.1_b0.7_o0.5","log",50,"c4rt",1.1
0.05,"hs","garch11_a0.1_b0.7_o0.5","log",50,"c4rt",1.2
0.05,"hs","garch11_a0.1_b0.7_o0.5","log",50,"c4rt",1.3
0.15,"hs","garch11_a0.1_b0.7_o0.5","log",50,"c4rt",1.4
0.3,"hs","garch11_a0.1_b0.7_o0.5","log",50,"c4rt",1.5
0.2,"hs","garch11_a0.1_b0.7_o0.5","log",50,"c4rt",1.6
0.15,"hs","garch11_a0.1_b0.7_o0.5","log",50,"c4rt",1.7
0.05,"hs","garch11_a0.1_b0.7_o0.5","log",50,"c4rt",1.8
0.2,"hs","garch11_a0.1_b0.7_o0.5","log",50,"c4rt",1.9
0.25,"hs","garch11_a0.1_b0.7_o0.5","log",50,"c4rt",2
0.55,"hs","garch11_a0.1_b0.7_o0.5","log",200,"c4rt",-2
0.25,"hs","garch11_a0.1_b0.7_o0.5","log",200,"c4rt",-1.9
0.35,"hs","garch11_a0.1_b0.7_o0.5","log",200,"c4rt",-1.8
0.35,"hs","garch11_a0.1_b0.7_o0.5","log",200,"c4rt",-1.7
0.3,"hs","garch11_a0.1_b0.7_o0.5","log",200,"c4rt",-1.6
0.3,"hs","garch11_a0.1_b0.7_o0.5","log",200,"c4rt",-1.5
0.35,"hs","garch11_a0.1_b0.7_o0.5","log",200,"c4rt",-1.4
0.05,"hs","garch11_a0.1_b0.7_o0.5","log",200,"c4rt",-1.3
0.3,"hs","garch11_a0.1_b0.7_o0.5","log",200,"c4rt",-1.2
0.15,"hs","garch11_a0.1_b0.7_o0.5","log",200,"c4rt",-1.1
0.15,"hs","garch11_a0.1_b0.7_o0.5","log",200,"c4rt",-1
0.05,"hs","garch11_a0.1_b0.7_o0.5","log",200,"c4rt",-0.9
0.05,"hs","garch11_a0.1_b0.7_o0.5","log",200,"c4rt",-0.8
0.05,"hs","garch11_a0.1_b0.7_o0.5","log",200,"c4rt",-0.7
0.05,"hs","garch11_a0.1_b0.7_o0.5","log",200,"c4rt",-0.6
0.1,"hs","garch11_a0.1_b0.7_o0.5","log",200,"c4rt",-0.5
0.05,"hs","garch11_a0.1_b0.7_o0.5","log",200,"c4rt",-0.4
0.05,"hs","garch11_a0.1_b0.7_o0.5","log",200,"c4rt",-0.3
0.05,"hs","garch11_a0.1_b0.7_o0.5","log",200,"c4rt",-0.2
0.1,"hs","garch11_a0.1_b0.7_o0.5","log",200,"c4rt",-0.0999999999999999
0,"hs","garch11_a0.1_b0.7_o0.5","log",200,"c4rt",0
0.05,"hs","garch11_a0.1_b0.7_o0.5","log",200,"c4rt",0.1
0.1,"hs","garch11_a0.1_b0.7_o0.5","log",200,"c4rt",0.2
0.05,"hs","garch11_a0.1_b0.7_o0.5","log",200,"c4rt",0.3
0.1,"hs","garch11_a0.1_b0.7_o0.5","log",200,"c4rt",0.4
0.05,"hs","garch11_a0.1_b0.7_o0.5","log",200,"c4rt",0.5
0.1,"hs","garch11_a0.1_b0.7_o0.5","log",200,"c4rt",0.6
0.1,"hs","garch11_a0.1_b0.7_o0.5","log",200,"c4rt",0.7
0.3,"hs","garch11_a0.1_b0.7_o0.5","log",200,"c4rt",0.8
0.05,"hs","garch11_a0.1_b0.7_o0.5","log",200,"c4rt",0.9
0,"hs","garch11_a0.1_b0.7_o0.5","log",200,"c4rt",1
0,"hs","garch11_a0.1_b0.7_o0.5","log",200,"c4rt",1.1
0.2,"hs","garch11_a0.1_b0.7_o0.5","log",200,"c4rt",1.2
0.15,"hs","garch11_a0.1_b0.7_o0.5","log",200,"c4rt",1.3
0.1,"hs","garch11_a0.1_b0.7_o0.5","log",200,"c4rt",1.4
0.25,"hs","garch11_a0.1_b0.7_o0.5","log",200,"c4rt",1.5
0.2,"hs","garch11_a0.1_b0.7_o0.5","log",200,"c4rt",1.6
0.3,"hs","garch11_a0.1_b0.7_o0.5","log",200,"c4rt",1.7
0.25,"hs","garch11_a0.1_b0.7_o0.5","log",200,"c4rt",1.8
0.3,"hs","garch11_a0.1_b0.7_o0.5","log",200,"c4rt",1.9
0.4,"hs","garch11_a0.1_b0.7_o0.5","log",200,"c4rt",2
0.45,"hs","garch11_a0.1_b0.7_o0.5","log",500,"c4rt",-2
0.25,"hs","garch11_a0.1_b0.7_o0.5","log",500,"c4rt",-1.9
0.4,"hs","garch11_a0.1_b0.7_o0.5","log",500,"c4rt",-1.8
0.45,"hs","garch11_a0.1_b0.7_o0.5","log",500,"c4rt",-1.7
0.1,"hs","garch11_a0.1_b0.7_o0.5","log",500,"c4rt",-1.6
0.45,"hs","garch11_a0.1_b0.7_o0.5","log",500,"c4rt",-1.5
0.2,"hs","garch11_a0.1_b0.7_o0.5","log",500,"c4rt",-1.4
0.25,"hs","garch11_a0.1_b0.7_o0.5","log",500,"c4rt",-1.3
0.3,"hs","garch11_a0.1_b0.7_o0.5","log",500,"c4rt",-1.2
0.15,"hs","garch11_a0.1_b0.7_o0.5","log",500,"c4rt",-1.1
0.05,"hs","garch11_a0.1_b0.7_o0.5","log",500,"c4rt",-1
0.1,"hs","garch11_a0.1_b0.7_o0.5","log",500,"c4rt",-0.9
0.15,"hs","garch11_a0.1_b0.7_o0.5","log",500,"c4rt",-0.8
0.05,"hs","garch11_a0.1_b0.7_o0.5","log",500,"c4rt",-0.7
0.15,"hs","garch11_a0.1_b0.7_o0.5","log",500,"c4rt",-0.6
0.05,"hs","garch11_a0.1_b0.7_o0.5","log",500,"c4rt",-0.5
0.05,"hs","garch11_a0.1_b0.7_o0.5","log",500,"c4rt",-0.4
0.1,"hs","garch11_a0.1_b0.7_o0.5","log",500,"c4rt",-0.3
0,"hs","garch11_a0.1_b0.7_o0.5","log",500,"c4rt",-0.2
0.1,"hs","garch11_a0.1_b0.7_o0.5","log",500,"c4rt",-0.0999999999999999
0.15,"hs","garch11_a0.1_b0.7_o0.5","log",500,"c4rt",0
0,"hs","garch11_a0.1_b0.7_o0.5","log",500,"c4rt",0.1
0.05,"hs","garch11_a0.1_b0.7_o0.5","log",500,"c4rt",0.2
0,"hs","garch11_a0.1_b0.7_o0.5","log",500,"c4rt",0.3
0.1,"hs","garch11_a0.1_b0.7_o0.5","log",500,"c4rt",0.4
0.05,"hs","garch11_a0.1_b0.7_o0.5","log",500,"c4rt",0.5
0.1,"hs","garch11_a0.1_b0.7_o0.5","log",500,"c4rt",0.6
0.2,"hs","garch11_a0.1_b0.7_o0.5","log",500,"c4rt",0.7
0.2,"hs","garch11_a0.1_b0.7_o0.5","log",500,"c4rt",0.8
0.15,"hs","garch11_a0.1_b0.7_o0.5","log",500,"c4rt",0.9
0.05,"hs","garch11_a0.1_b0.7_o0.5","log",500,"c4rt",1
0.25,"hs","garch11_a0.1_b0.7_o0.5","log",500,"c4rt",1.1
0.45,"hs","garch11_a0.1_b0.7_o0.5","log",500,"c4rt",1.2
0.2,"hs","garch11_a0.1_b0.7_o0.5","log",500,"c4rt",1.3
0.15,"hs","garch11_a0.1_b0.7_o0.5","log",500,"c4rt",1.4
0.25,"hs","garch11_a0.1_b0.7_o0.5","log",500,"c4rt",1.5
0.3,"hs","garch11_a0.1_b0.7_o0.5","log",500,"c4rt",1.6
0.3,"hs","garch11_a0.1_b0.7_o0.5","log",500,"c4rt",1.7
0.5,"hs","garch11_a0.1_b0.7_o0.5","log",500,"c4rt",1.8
0.75,"hs","garch11_a0.1_b0.7_o0.5","log",500,"c4rt",1.9
0.65,"hs","garch11_a0.1_b0.7_o0.5","log",500,"c4rt",2
0.5,"Vn","ar1_0.5","log",50,"c4rt",-2
0.55,"Vn","ar1_0.5","log",50,"c4rt",-1.9
0.35,"Vn","ar1_0.5","log",50,"c4rt",-1.8
0.6,"Vn","ar1_0.5","log",50,"c4rt",-1.7
0.45,"Vn","ar1_0.5","log",50,"c4rt",-1.6
0.45,"Vn","ar1_0.5","log",50,"c4rt",-1.5
0.25,"Vn","ar1_0.5","log",50,"c4rt",-1.4
0.25,"Vn","ar1_0.5","log",50,"c4rt",-1.3
0.25,"Vn","ar1_0.5","log",50,"c4rt",-1.2
0.45,"Vn","ar1_0.5","log",50,"c4rt",-1.1
0.2,"Vn","ar1_0.5","log",50,"c4rt",-1
0.25,"Vn","ar1_0.5","log",50,"c4rt",-0.9
0.5,"Vn","ar1_0.5","log",50,"c4rt",-0.8
0.2,"Vn","ar1_0.5","log",50,"c4rt",-0.7
0.25,"Vn","ar1_0.5","log",50,"c4rt",-0.6
0.2,"Vn","ar1_0.5","log",50,"c4rt",-0.5
0.3,"Vn","ar1_0.5","log",50,"c4rt",-0.4
0.35,"Vn","ar1_0.5","log",50,"c4rt",-0.3
0.3,"Vn","ar1_0.5","log",50,"c4rt",-0.2
0.25,"Vn","ar1_0.5","log",50,"c4rt",-0.0999999999999999
0.15,"Vn","ar1_0.5","log",50,"c4rt",0
0.35,"Vn","ar1_0.5","log",50,"c4rt",0.1
0.15,"Vn","ar1_0.5","log",50,"c4rt",0.2
0.2,"Vn","ar1_0.5","log",50,"c4rt",0.3
0.15,"Vn","ar1_0.5","log",50,"c4rt",0.4
0.1,"Vn","ar1_0.5","log",50,"c4rt",0.5
0.3,"Vn","ar1_0.5","log",50,"c4rt",0.6
0.35,"Vn","ar1_0.5","log",50,"c4rt",0.7
0.4,"Vn","ar1_0.5","log",50,"c4rt",0.8
0.25,"Vn","ar1_0.5","log",50,"c4rt",0.9
0.4,"Vn","ar1_0.5","log",50,"c4rt",1
0.4,"Vn","ar1_0.5","log",50,"c4rt",1.1
0.35,"Vn","ar1_0.5","log",50,"c4rt",1.2
0.35,"Vn","ar1_0.5","log",50,"c4rt",1.3
0.25,"Vn","ar1_0.5","log",50,"c4rt",1.4
0.45,"Vn","ar1_0.5","log",50,"c4rt",1.5
0.4,"Vn","ar1_0.5","log",50,"c4rt",1.6
0.4,"Vn","ar1_0.5","log",50,"c4rt",1.7
0.25,"Vn","ar1_0.5","log",50,"c4rt",1.8
0.4,"Vn","ar1_0.5","log",50,"c4rt",1.9
0.45,"Vn","ar1_0.5","log",50,"c4rt",2
0.2,"Vn","ar1_0.5","log",200,"c4rt",-2
0.35,"Vn","ar1_0.5","log",200,"c4rt",-1.9
0.2,"Vn","ar1_0.5","log",200,"c4rt",-1.8
0.1,"Vn","ar1_0.5","log",200,"c4rt",-1.7
0.2,"Vn","ar1_0.5","log",200,"c4rt",-1.6
0.2,"Vn","ar1_0.5","log",200,"c4rt",-1.5
0.2,"Vn","ar1_0.5","log",200,"c4rt",-1.4
0.2,"Vn","ar1_0.5","log",200,"c4rt",-1.3
0.2,"Vn","ar1_0.5","log",200,"c4rt",-1.2
0.1,"Vn","ar1_0.5","log",200,"c4rt",-1.1
0.2,"Vn","ar1_0.5","log",200,"c4rt",-1
0.15,"Vn","ar1_0.5","log",200,"c4rt",-0.9
0.05,"Vn","ar1_0.5","log",200,"c4rt",-0.8
0.05,"Vn","ar1_0.5","log",200,"c4rt",-0.7
0.3,"Vn","ar1_0.5","log",200,"c4rt",-0.6
0.1,"Vn","ar1_0.5","log",200,"c4rt",-0.5
0.1,"Vn","ar1_0.5","log",200,"c4rt",-0.4
0.2,"Vn","ar1_0.5","log",200,"c4rt",-0.3
0.05,"Vn","ar1_0.5","log",200,"c4rt",-0.2
0,"Vn","ar1_0.5","log",200,"c4rt",-0.0999999999999999
0.1,"Vn","ar1_0.5","log",200,"c4rt",0
0.15,"Vn","ar1_0.5","log",200,"c4rt",0.1
0.15,"Vn","ar1_0.5","log",200,"c4rt",0.2
0.1,"Vn","ar1_0.5","log",200,"c4rt",0.3
0.05,"Vn","ar1_0.5","log",200,"c4rt",0.4
0.05,"Vn","ar1_0.5","log",200,"c4rt",0.5
0.3,"Vn","ar1_0.5","log",200,"c4rt",0.6
0.05,"Vn","ar1_0.5","log",200,"c4rt",0.7
0,"Vn","ar1_0.5","log",200,"c4rt",0.8
0.15,"Vn","ar1_0.5","log",200,"c4rt",0.9
0.25,"Vn","ar1_0.5","log",200,"c4rt",1
0.05,"Vn","ar1_0.5","log",200,"c4rt",1.1
0.1,"Vn","ar1_0.5","log",200,"c4rt",1.2
0.1,"Vn","ar1_0.5","log",200,"c4rt",1.3
0.1,"Vn","ar1_0.5","log",200,"c4rt",1.4
0.1,"Vn","ar1_0.5","log",200,"c4rt",1.5
0,"Vn","ar1_0.5","log",200,"c4rt",1.6
0.2,"Vn","ar1_0.5","log",200,"c4rt",1.7
0.2,"Vn","ar1_0.5","log",200,"c4rt",1.8
0.3,"Vn","ar1_0.5","log",200,"c4rt",1.9
0.1,"Vn","ar1_0.5","log",200,"c4rt",2
0.2,"Vn","ar1_0.5","log",500,"c4rt",-2
0.1,"Vn","ar1_0.5","log",500,"c4rt",-1.9
0.15,"Vn","ar1_0.5","log",500,"c4rt",-1.8
0.05,"Vn","ar1_0.5","log",500,"c4rt",-1.7
0.05,"Vn","ar1_0.5","log",500,"c4rt",-1.6
0.1,"Vn","ar1_0.5","log",500,"c4rt",-1.5
0.05,"Vn","ar1_0.5","log",500,"c4rt",-1.4
0.05,"Vn","ar1_0.5","log",500,"c4rt",-1.3
0.2,"Vn","ar1_0.5","log",500,"c4rt",-1.2
0.2,"Vn","ar1_0.5","log",500,"c4rt",-1.1
0.2,"Vn","ar1_0.5","log",500,"c4rt",-1
0.05,"Vn","ar1_0.5","log",500,"c4rt",-0.9
0.15,"Vn","ar1_0.5","log",500,"c4rt",-0.8
0.1,"Vn","ar1_0.5","log",500,"c4rt",-0.7
0.2,"Vn","ar1_0.5","log",500,"c4rt",-0.6
0.15,"Vn","ar1_0.5","log",500,"c4rt",-0.5
0.05,"Vn","ar1_0.5","log",500,"c4rt",-0.4
0,"Vn","ar1_0.5","log",500,"c4rt",-0.3
0.05,"Vn","ar1_0.5","log",500,"c4rt",-0.2
0,"Vn","ar1_0.5","log",500,"c4rt",-0.0999999999999999
0.2,"Vn","ar1_0.5","log",500,"c4rt",0
0,"Vn","ar1_0.5","log",500,"c4rt",0.1
0.25,"Vn","ar1_0.5","log",500,"c4rt",0.2
0,"Vn","ar1_0.5","log",500,"c4rt",0.3
0.15,"Vn","ar1_0.5","log",500,"c4rt",0.4
0.15,"Vn","ar1_0.5","log",500,"c4rt",0.5
0.1,"Vn","ar1_0.5","log",500,"c4rt",0.6
0.25,"Vn","ar1_0.5","log",500,"c4rt",0.7
0.15,"Vn","ar1_0.5","log",500,"c4rt",0.8
0.1,"Vn","ar1_0.5","log",500,"c4rt",0.9
0.1,"Vn","ar1_0.5","log",500,"c4rt",1
0.1,"Vn","ar1_0.5","log",500,"c4rt",1.1
0.05,"Vn","ar1_0.5","log",500,"c4rt",1.2
0.1,"Vn","ar1_0.5","log",500,"c4rt",1.3
0,"Vn","ar1_0.5","log",500,"c4rt",1.4
0.1,"Vn","ar1_0.5","log",500,"c4rt",1.5
0.05,"Vn","ar1_0.5","log",500,"c4rt",1.6
0.15,"Vn","ar1_0.5","log",500,"c4rt",1.7
0.15,"Vn","ar1_0.5","log",500,"c4rt",1.8
0.2,"Vn","ar1_0.5","log",500,"c4rt",1.9
0,"Vn","ar1_0.5","log",500,"c4rt",2
0.65,"Vn","norm","log",50,"c4rt",-2
0.45,"Vn","norm","log",50,"c4rt",-1.9
0.2,"Vn","norm","log",50,"c4rt",-1.8
0.6,"Vn","norm","log",50,"c4rt",-1.7
0.3,"Vn","norm","log",50,"c4rt",-1.6
0.35,"Vn","norm","log",50,"c4rt",-1.5
0.15,"Vn","norm","log",50,"c4rt",-1.4
0.15,"Vn","norm","log",50,"c4rt",-1.3
0.25,"Vn","norm","log",50,"c4rt",-1.2
0.05,"Vn","norm","log",50,"c4rt",-1.1
0.05,"Vn","norm","log",50,"c4rt",-1
0.05,"Vn","norm","log",50,"c4rt",-0.9
0.05,"Vn","norm","log",50,"c4rt",-0.8
0.2,"Vn","norm","log",50,"c4rt",-0.7
0.2,"Vn","norm","log",50,"c4rt",-0.6
0.05,"Vn","norm","log",50,"c4rt",-0.5
0.05,"Vn","norm","log",50,"c4rt",-0.4
0.05,"Vn","norm","log",50,"c4rt",-0.3
0.1,"Vn","norm","log",50,"c4rt",-0.2
0,"Vn","norm","log",50,"c4rt",-0.0999999999999999
0,"Vn","norm","log",50,"c4rt",0
0.05,"Vn","norm","log",50,"c4rt",0.1
0,"Vn","norm","log",50,"c4rt",0.2
0.15,"Vn","norm","log",50,"c4rt",0.3
0.05,"Vn","norm","log",50,"c4rt",0.4
0.05,"Vn","norm","log",50,"c4rt",0.5
0.05,"Vn","norm","log",50,"c4rt",0.6
0.05,"Vn","norm","log",50,"c4rt",0.7
0.15,"Vn","norm","log",50,"c4rt",0.8
0.2,"Vn","norm","log",50,"c4rt",0.9
0.25,"Vn","norm","log",50,"c4rt",1
0.15,"Vn","norm","log",50,"c4rt",1.1
0.4,"Vn","norm","log",50,"c4rt",1.2
0.05,"Vn","norm","log",50,"c4rt",1.3
0.2,"Vn","norm","log",50,"c4rt",1.4
0.4,"Vn","norm","log",50,"c4rt",1.5
0.35,"Vn","norm","log",50,"c4rt",1.6
0.55,"Vn","norm","log",50,"c4rt",1.7
0.55,"Vn","norm","log",50,"c4rt",1.8
0.4,"Vn","norm","log",50,"c4rt",1.9
0.7,"Vn","norm","log",50,"c4rt",2
0.1,"Vn","norm","log",200,"c4rt",-2
0,"Vn","norm","log",200,"c4rt",-1.9
0.1,"Vn","norm","log",200,"c4rt",-1.8
0.05,"Vn","norm","log",200,"c4rt",-1.7
0.05,"Vn","norm","log",200,"c4rt",-1.6
0.15,"Vn","norm","log",200,"c4rt",-1.5
0.1,"Vn","norm","log",200,"c4rt",-1.4
0.15,"Vn","norm","log",200,"c4rt",-1.3
0.1,"Vn","norm","log",200,"c4rt",-1.2
0,"Vn","norm","log",200,"c4rt",-1.1
0.1,"Vn","norm","log",200,"c4rt",-1
0.1,"Vn","norm","log",200,"c4rt",-0.9
0.1,"Vn","norm","log",200,"c4rt",-0.8
0.05,"Vn","norm","log",200,"c4rt",-0.7
0.1,"Vn","norm","log",200,"c4rt",-0.6
0.05,"Vn","norm","log",200,"c4rt",-0.5
0.1,"Vn","norm","log",200,"c4rt",-0.4
0.05,"Vn","norm","log",200,"c4rt",-0.3
0,"Vn","norm","log",200,"c4rt",-0.2
0.05,"Vn","norm","log",200,"c4rt",-0.0999999999999999
0,"Vn","norm","log",200,"c4rt",0
0.05,"Vn","norm","log",200,"c4rt",0.1
0.05,"Vn","norm","log",200,"c4rt",0.2
0,"Vn","norm","log",200,"c4rt",0.3
0.05,"Vn","norm","log",200,"c4rt",0.4
0.05,"Vn","norm","log",200,"c4rt",0.5
0.2,"Vn","norm","log",200,"c4rt",0.6
0.05,"Vn","norm","log",200,"c4rt",0.7
0.1,"Vn","norm","log",200,"c4rt",0.8
0.1,"Vn","norm","log",200,"c4rt",0.9
0,"Vn","norm","log",200,"c4rt",1
0,"Vn","norm","log",200,"c4rt",1.1
0.25,"Vn","norm","log",200,"c4rt",1.2
0.1,"Vn","norm","log",200,"c4rt",1.3
0.1,"Vn","norm","log",200,"c4rt",1.4
0.15,"Vn","norm","log",200,"c4rt",1.5
0.15,"Vn","norm","log",200,"c4rt",1.6
0.15,"Vn","norm","log",200,"c4rt",1.7
0.2,"Vn","norm","log",200,"c4rt",1.8
0.15,"Vn","norm","log",200,"c4rt",1.9
0.25,"Vn","norm","log",200,"c4rt",2
0.1,"Vn","norm","log",500,"c4rt",-2
0.15,"Vn","norm","log",500,"c4rt",-1.9
0.1,"Vn","norm","log",500,"c4rt",-1.8
0.25,"Vn","norm","log",500,"c4rt",-1.7
0.15,"Vn","norm","log",500,"c4rt",-1.6
0,"Vn","norm","log",500,"c4rt",-1.5
0.15,"Vn","norm","log",500,"c4rt",-1.4
0.1,"Vn","norm","log",500,"c4rt",-1.3
0.1,"Vn","norm","log",500,"c4rt",-1.2
0.05,"Vn","norm","log",500,"c4rt",-1.1
0.1,"Vn","norm","log",500,"c4rt",-1
0,"Vn","norm","log",500,"c4rt",-0.9
0.1,"Vn","norm","log",500,"c4rt",-0.8
0.05,"Vn","norm","log",500,"c4rt",-0.7
0,"Vn","norm","log",500,"c4rt",-0.6
0,"Vn","norm","log",500,"c4rt",-0.5
0.05,"Vn","norm","log",500,"c4rt",-0.4
0.1,"Vn","norm","log",500,"c4rt",-0.3
0,"Vn","norm","log",500,"c4rt",-0.2
0.05,"Vn","norm","log",500,"c4rt",-0.0999999999999999
0,"Vn","norm","log",500,"c4rt",0
0.05,"Vn","norm","log",500,"c4rt",0.1
0.05,"Vn","norm","log",500,"c4rt",0.2
0,"Vn","norm","log",500,"c4rt",0.3
0.05,"Vn","norm","log",500,"c4rt",0.4
0.1,"Vn","norm","log",500,"c4rt",0.5
0.05,"Vn","norm","log",500,"c4rt",0.6
0.05,"Vn","norm","log",500,"c4rt",0.7
0,"Vn","norm","log",500,"c4rt",0.8
0.05,"Vn","norm","log",500,"c4rt",0.9
0,"Vn","norm","log",500,"c4rt",1
0.05,"Vn","norm","log",500,"c4rt",1.1
0.05,"Vn","norm","log",500,"c4rt",1.2
0.15,"Vn","norm","log",500,"c4rt",1.3
0.05,"Vn","norm","log",500,"c4rt",1.4
0.05,"Vn","norm","log",500,"c4rt",1.5
0.05,"Vn","norm","log",500,"c4rt",1.6
0.05,"Vn","norm","log",500,"c4rt",1.7
0.2,"Vn","norm","log",500,"c4rt",1.8
0.1,"Vn","norm","log",500,"c4rt",1.9
0.1,"Vn","norm","log",500,"c4rt",2
0.2,"Vn","garch11_a0.1_b0.7_o0.5","log",50,"c4rt",-2
0.2,"Vn","garch11_a0.1_b0.7_o0.5","log",50,"c4rt",-1.9
0.05,"Vn","garch11_a0.1_b0.7_o0.5","log",50,"c4rt",-1.8
0.35,"Vn","garch11_a0.1_b0.7_o0.5","log",50,"c4rt",-1.7
0.15,"Vn","garch11_a0.1_b0.7_o0.5","log",50,"c4rt",-1.6
0.35,"Vn","garch11_a0.1_b0.7_o0.5","log",50,"c4rt",-1.5
0.05,"Vn","garch11_a0.1_b0.7_o0.5","log",50,"c4rt",-1.4
0.05,"Vn","garch11_a0.1_b0.7_o0.5","log",50,"c4rt",-1.3
0.05,"Vn","garch11_a0.1_b0.7_o0.5","log",50,"c4rt",-1.2
0.2,"Vn","garch11_a0.1_b0.7_o0.5","log",50,"c4rt",-1.1
0.1,"Vn","garch11_a0.1_b0.7_o0.5","log",50,"c4rt",-1
0.25,"Vn","garch11_a0.1_b0.7_o0.5","log",50,"c4rt",-0.9
0,"Vn","garch11_a0.1_b0.7_o0.5","log",50,"c4rt",-0.8
0.15,"Vn","garch11_a0.1_b0.7_o0.5","log",50,"c4rt",-0.7
0.05,"Vn","garch11_a0.1_b0.7_o0.5","log",50,"c4rt",-0.6
0.05,"Vn","garch11_a0.1_b0.7_o0.5","log",50,"c4rt",-0.5
0.05,"Vn","garch11_a0.1_b0.7_o0.5","log",50,"c4rt",-0.4
0.2,"Vn","garch11_a0.1_b0.7_o0.5","log",50,"c4rt",-0.3
0,"Vn","garch11_a0.1_b0.7_o0.5","log",50,"c4rt",-0.2
0.1,"Vn","garch11_a0.1_b0.7_o0.5","log",50,"c4rt",-0.0999999999999999
0.15,"Vn","garch11_a0.1_b0.7_o0.5","log",50,"c4rt",0
0.05,"Vn","garch11_a0.1_b0.7_o0.5","log",50,"c4rt",0.1
0.05,"Vn","garch11_a0.1_b0.7_o0.5","log",50,"c4rt",0.2
0,"Vn","garch11_a0.1_b0.7_o0.5","log",50,"c4rt",0.3
0.05,"Vn","garch11_a0.1_b0.7_o0.5","log",50,"c4rt",0.4
0.05,"Vn","garch11_a0.1_b0.7_o0.5","log",50,"c4rt",0.5
0.15,"Vn","garch11_a0.1_b0.7_o0.5","log",50,"c4rt",0.6
0.15,"Vn","garch11_a0.1_b0.7_o0.5","log",50,"c4rt",0.7
0.15,"Vn","garch11_a0.1_b0.7_o0.5","log",50,"c4rt",0.8
0.15,"Vn","garch11_a0.1_b0.7_o0.5","log",50,"c4rt",0.9
0.25,"Vn","garch11_a0.1_b0.7_o0.5","log",50,"c4rt",1
0.25,"Vn","garch11_a0.1_b0.7_o0.5","log",50,"c4rt",1.1
0.15,"Vn","garch11_a0.1_b0.7_o0.5","log",50,"c4rt",1.2
0.2,"Vn","garch11_a0.1_b0.7_o0.5","log",50,"c4rt",1.3
0.15,"Vn","garch11_a0.1_b0.7_o0.5","log",50,"c4rt",1.4
0.15,"Vn","garch11_a0.1_b0.7_o0.5","log",50,"c4rt",1.5
0.1,"Vn","garch11_a0.1_b0.7_o0.5","log",50,"c4rt",1.6
0.1,"Vn","garch11_a0.1_b0.7_o0.5","log",50,"c4rt",1.7
0.3,"Vn","garch11_a0.1_b0.7_o0.5","log",50,"c4rt",1.8
0.3,"Vn","garch11_a0.1_b0.7_o0.5","log",50,"c4rt",1.9
0.25,"Vn","garch11_a0.1_b0.7_o0.5","log",50,"c4rt",2
0.1,"Vn","garch11_a0.1_b0.7_o0.5","log",200,"c4rt",-2
0.2,"Vn","garch11_a0.1_b0.7_o0.5","log",200,"c4rt",-1.9
0.1,"Vn","garch11_a0.1_b0.7_o0.5","log",200,"c4rt",-1.8
0.1,"Vn","garch11_a0.1_b0.7_o0.5","log",200,"c4rt",-1.7
0.15,"Vn","garch11_a0.1_b0.7_o0.5","log",200,"c4rt",-1.6
0.15,"Vn","garch11_a0.1_b0.7_o0.5","log",200,"c4rt",-1.5
0.1,"Vn","garch11_a0.1_b0.7_o0.5","log",200,"c4rt",-1.4
0.15,"Vn","garch11_a0.1_b0.7_o0.5","log",200,"c4rt",-1.3
0.25,"Vn","garch11_a0.1_b0.7_o0.5","log",200,"c4rt",-1.2
0.05,"Vn","garch11_a0.1_b0.7_o0.5","log",200,"c4rt",-1.1
0.1,"Vn","garch11_a0.1_b0.7_o0.5","log",200,"c4rt",-1
0.05,"Vn","garch11_a0.1_b0.7_o0.5","log",200,"c4rt",-0.9
0,"Vn","garch11_a0.1_b0.7_o0.5","log",200,"c4rt",-0.8
0,"Vn","garch11_a0.1_b0.7_o0.5","log",200,"c4rt",-0.7
0.25,"Vn","garch11_a0.1_b0.7_o0.5","log",200,"c4rt",-0.6
0.05,"Vn","garch11_a0.1_b0.7_o0.5","log",200,"c4rt",-0.5
0,"Vn","garch11_a0.1_b0.7_o0.5","log",200,"c4rt",-0.4
0.05,"Vn","garch11_a0.1_b0.7_o0.5","log",200,"c4rt",-0.3
0,"Vn","garch11_a0.1_b0.7_o0.5","log",200,"c4rt",-0.2
0,"Vn","garch11_a0.1_b0.7_o0.5","log",200,"c4rt",-0.0999999999999999
0.05,"Vn","garch11_a0.1_b0.7_o0.5","log",200,"c4rt",0
0,"Vn","garch11_a0.1_b0.7_o0.5","log",200,"c4rt",0.1
0,"Vn","garch11_a0.1_b0.7_o0.5","log",200,"c4rt",0.2
0.1,"Vn","garch11_a0.1_b0.7_o0.5","log",200,"c4rt",0.3
0.05,"Vn","garch11_a0.1_b0.7_o0.5","log",200,"c4rt",0.4
0,"Vn","garch11_a0.1_b0.7_o0.5","log",200,"c4rt",0.5
0.15,"Vn","garch11_a0.1_b0.7_o0.5","log",200,"c4rt",0.6
0.05,"Vn","garch11_a0.1_b0.7_o0.5","log",200,"c4rt",0.7
0,"Vn","garch11_a0.1_b0.7_o0.5","log",200,"c4rt",0.8
0.05,"Vn","garch11_a0.1_b0.7_o0.5","log",200,"c4rt",0.9
0.15,"Vn","garch11_a0.1_b0.7_o0.5","log",200,"c4rt",1
0,"Vn","garch11_a0.1_b0.7_o0.5","log",200,"c4rt",1.1
0,"Vn","garch11_a0.1_b0.7_o0.5","log",200,"c4rt",1.2
0,"Vn","garch11_a0.1_b0.7_o0.5","log",200,"c4rt",1.3
0.05,"Vn","garch11_a0.1_b0.7_o0.5","log",200,"c4rt",1.4
0,"Vn","garch11_a0.1_b0.7_o0.5","log",200,"c4rt",1.5
0,"Vn","garch11_a0.1_b0.7_o0.5","log",200,"c4rt",1.6
0,"Vn","garch11_a0.1_b0.7_o0.5","log",200,"c4rt",1.7
0,"Vn","garch11_a0.1_b0.7_o0.5","log",200,"c4rt",1.8
0.15,"Vn","garch11_a0.1_b0.7_o0.5","log",200,"c4rt",1.9
0.15,"Vn","garch11_a0.1_b0.7_o0.5","log",200,"c4rt",2
0.1,"Vn","garch11_a0.1_b0.7_o0.5","log",500,"c4rt",-2
0,"Vn","garch11_a0.1_b0.7_o0.5","log",500,"c4rt",-1.9
0.1,"Vn","garch11_a0.1_b0.7_o0.5","log",500,"c4rt",-1.8
0.05,"Vn","garch11_a0.1_b0.7_o0.5","log",500,"c4rt",-1.7
0,"Vn","garch11_a0.1_b0.7_o0.5","log",500,"c4rt",-1.6
0.05,"Vn","garch11_a0.1_b0.7_o0.5","log",500,"c4rt",-1.5
0,"Vn","garch11_a0.1_b0.7_o0.5","log",500,"c4rt",-1.4
0,"Vn","garch11_a0.1_b0.7_o0.5","log",500,"c4rt",-1.3
0.15,"Vn","garch11_a0.1_b0.7_o0.5","log",500,"c4rt",-1.2
0.1,"Vn","garch11_a0.1_b0.7_o0.5","log",500,"c4rt",-1.1
0.1,"Vn","garch11_a0.1_b0.7_o0.5","log",500,"c4rt",-1
0.05,"Vn","garch11_a0.1_b0.7_o0.5","log",500,"c4rt",-0.9
0.1,"Vn","garch11_a0.1_b0.7_o0.5","log",500,"c4rt",-0.8
0.1,"Vn","garch11_a0.1_b0.7_o0.5","log",500,"c4rt",-0.7
0.1,"Vn","garch11_a0.1_b0.7_o0.5","log",500,"c4rt",-0.6
0.05,"Vn","garch11_a0.1_b0.7_o0.5","log",500,"c4rt",-0.5
0.05,"Vn","garch11_a0.1_b0.7_o0.5","log",500,"c4rt",-0.4
0,"Vn","garch11_a0.1_b0.7_o0.5","log",500,"c4rt",-0.3
0,"Vn","garch11_a0.1_b0.7_o0.5","log",500,"c4rt",-0.2
0.05,"Vn","garch11_a0.1_b0.7_o0.5","log",500,"c4rt",-0.0999999999999999
0.1,"Vn","garch11_a0.1_b0.7_o0.5","log",500,"c4rt",0
0,"Vn","garch11_a0.1_b0.7_o0.5","log",500,"c4rt",0.1
0.15,"Vn","garch11_a0.1_b0.7_o0.5","log",500,"c4rt",0.2
0,"Vn","garch11_a0.1_b0.7_o0.5","log",500,"c4rt",0.3
0.1,"Vn","garch11_a0.1_b0.7_o0.5","log",500,"c4rt",0.4
0.05,"Vn","garch11_a0.1_b0.7_o0.5","log",500,"c4rt",0.5
0.1,"Vn","garch11_a0.1_b0.7_o0.5","log",500,"c4rt",0.6
0.2,"Vn","garch11_a0.1_b0.7_o0.5","log",500,"c4rt",0.7
0.15,"Vn","garch11_a0.1_b0.7_o0.5","log",500,"c4rt",0.8
0,"Vn","garch11_a0.1_b0.7_o0.5","log",500,"c4rt",0.9
0.1,"Vn","garch11_a0.1_b0.7_o0.5","log",500,"c4rt",1
0.05,"Vn","garch11_a0.1_b0.7_o0.5","log",500,"c4rt",1.1
0,"Vn","garch11_a0.1_b0.7_o0.5","log",500,"c4rt",1.2
0,"Vn","garch11_a0.1_b0.7_o0.5","log",500,"c4rt",1.3
0,"Vn","garch11_a0.1_b0.7_o0.5","log",500,"c4rt",1.4
0.15,"Vn","garch11_a0.1_b0.7_o0.5","log",500,"c4rt",1.5
0.05,"Vn","garch11_a0.1_b0.7_o0.5","log",500,"c4rt",1.6
0.1,"Vn","garch11_a0.1_b0.7_o0.5","log",500,"c4rt",1.7
0.2,"Vn","garch11_a0.1_b0.7_o0.5","log",500,"c4rt",1.8
0.1,"Vn","garch11_a0.1_b0.7_o0.5","log",500,"c4rt",1.9
0,"Vn","garch11_a0.1_b0.7_o0.5","log",500,"c4rt",2
0.75,"Zn","ar1_0.5","log",50,"c4rt",-2
0.7,"Zn","ar1_0.5","log",50,"c4rt",-1.9
0.5,"Zn","ar1_0.5","log",50,"c4rt",-1.8
0.6,"Zn","ar1_0.5","log",50,"c4rt",-1.7
0.6,"Zn","ar1_0.5","log",50,"c4rt",-1.6
0.45,"Zn","ar1_0.5","log",50,"c4rt",-1.5
0.25,"Zn","ar1_0.5","log",50,"c4rt",-1.4
0.35,"Zn","ar1_0.5","log",50,"c4rt",-1.3
0.45,"Zn","ar1_0.5","log",50,"c4rt",-1.2
0.5,"Zn","ar1_0.5","log",50,"c4rt",-1.1
0.25,"Zn","ar1_0.5","log",50,"c4rt",-1
0.3,"Zn","ar1_0.5","log",50,"c4rt",-0.9
0.2,"Zn","ar1_0.5","log",50,"c4rt",-0.8
0.15,"Zn","ar1_0.5","log",50,"c4rt",-0.7
0.1,"Zn","ar1_0.5","log",50,"c4rt",-0.6
0.2,"Zn","ar1_0.5","log",50,"c4rt",-0.5
0.15,"Zn","ar1_0.5","log",50,"c4rt",-0.4
0.1,"Zn","ar1_0.5","log",50,"c4rt",-0.3
0.2,"Zn","ar1_0.5","log",50,"c4rt",-0.2
0.3,"Zn","ar1_0.5","log",50,"c4rt",-0.0999999999999999
0.15,"Zn","ar1_0.5","log",50,"c4rt",0
0.2,"Zn","ar1_0.5","log",50,"c4rt",0.1
0.05,"Zn","ar1_0.5","log",50,"c4rt",0.2
0.25,"Zn","ar1_0.5","log",50,"c4rt",0.3
0.1,"Zn","ar1_0.5","log",50,"c4rt",0.4
0.2,"Zn","ar1_0.5","log",50,"c4rt",0.5
0.25,"Zn","ar1_0.5","log",50,"c4rt",0.6
0.3,"Zn","ar1_0.5","log",50,"c4rt",0.7
0.1,"Zn","ar1_0.5","log",50,"c4rt",0.8
0.3,"Zn","ar1_0.5","log",50,"c4rt",0.9
0.35,"Zn","ar1_0.5","log",50,"c4rt",1
0.5,"Zn","ar1_0.5","log",50,"c4rt",1.1
0.3,"Zn","ar1_0.5","log",50,"c4rt",1.2
0.4,"Zn","ar1_0.5","log",50,"c4rt",1.3
0.4,"Zn","ar1_0.5","log",50,"c4rt",1.4
0.5,"Zn","ar1_0.5","log",50,"c4rt",1.5
0.4,"Zn","ar1_0.5","log",50,"c4rt",1.6
0.5,"Zn","ar1_0.5","log",50,"c4rt",1.7
0.4,"Zn","ar1_0.5","log",50,"c4rt",1.8
0.75,"Zn","ar1_0.5","log",50,"c4rt",1.9
0.7,"Zn","ar1_0.5","log",50,"c4rt",2
0.4,"Zn","ar1_0.5","log",200,"c4rt",-2
0.1,"Zn","ar1_0.5","log",200,"c4rt",-1.9
0.35,"Zn","ar1_0.5","log",200,"c4rt",-1.8
0.3,"Zn","ar1_0.5","log",200,"c4rt",-1.7
0.15,"Zn","ar1_0.5","log",200,"c4rt",-1.6
0.3,"Zn","ar1_0.5","log",200,"c4rt",-1.5
0.05,"Zn","ar1_0.5","log",200,"c4rt",-1.4
0.1,"Zn","ar1_0.5","log",200,"c4rt",-1.3
0.2,"Zn","ar1_0.5","log",200,"c4rt",-1.2
0.4,"Zn","ar1_0.5","log",200,"c4rt",-1.1
0.35,"Zn","ar1_0.5","log",200,"c4rt",-1
0.2,"Zn","ar1_0.5","log",200,"c4rt",-0.9
0.1,"Zn","ar1_0.5","log",200,"c4rt",-0.8
0.2,"Zn","ar1_0.5","log",200,"c4rt",-0.7
0,"Zn","ar1_0.5","log",200,"c4rt",-0.6
0.05,"Zn","ar1_0.5","log",200,"c4rt",-0.5
0.1,"Zn","ar1_0.5","log",200,"c4rt",-0.4
0,"Zn","ar1_0.5","log",200,"c4rt",-0.3
0,"Zn","ar1_0.5","log",200,"c4rt",-0.2
0.1,"Zn","ar1_0.5","log",200,"c4rt",-0.0999999999999999
0,"Zn","ar1_0.5","log",200,"c4rt",0
0,"Zn","ar1_0.5","log",200,"c4rt",0.1
0,"Zn","ar1_0.5","log",200,"c4rt",0.2
0.05,"Zn","ar1_0.5","log",200,"c4rt",0.3
0.05,"Zn","ar1_0.5","log",200,"c4rt",0.4
0.05,"Zn","ar1_0.5","log",200,"c4rt",0.5
0.05,"Zn","ar1_0.5","log",200,"c4rt",0.6
0,"Zn","ar1_0.5","log",200,"c4rt",0.7
0,"Zn","ar1_0.5","log",200,"c4rt",0.8
0.1,"Zn","ar1_0.5","log",200,"c4rt",0.9
0,"Zn","ar1_0.5","log",200,"c4rt",1
0.1,"Zn","ar1_0.5","log",200,"c4rt",1.1
0.3,"Zn","ar1_0.5","log",200,"c4rt",1.2
0.3,"Zn","ar1_0.5","log",200,"c4rt",1.3
0.25,"Zn","ar1_0.5","log",200,"c4rt",1.4
0.1,"Zn","ar1_0.5","log",200,"c4rt",1.5
0.25,"Zn","ar1_0.5","log",200,"c4rt",1.6
0.35,"Zn","ar1_0.5","log",200,"c4rt",1.7
0.1,"Zn","ar1_0.5","log",200,"c4rt",1.8
0.35,"Zn","ar1_0.5","log",200,"c4rt",1.9
0.15,"Zn","ar1_0.5","log",200,"c4rt",2
0.25,"Zn","ar1_0.5","log",500,"c4rt",-2
0.25,"Zn","ar1_0.5","log",500,"c4rt",-1.9
0.3,"Zn","ar1_0.5","log",500,"c4rt",-1.8
0.3,"Zn","ar1_0.5","log",500,"c4rt",-1.7
0.25,"Zn","ar1_0.5","log",500,"c4rt",-1.6
0.15,"Zn","ar1_0.5","log",500,"c4rt",-1.5
0.05,"Zn","ar1_0.5","log",500,"c4rt",-1.4
0.1,"Zn","ar1_0.5","log",500,"c4rt",-1.3
0.15,"Zn","ar1_0.5","log",500,"c4rt",-1.2
0,"Zn","ar1_0.5","log",500,"c4rt",-1.1
0.15,"Zn","ar1_0.5","log",500,"c4rt",-1
0,"Zn","ar1_0.5","log",500,"c4rt",-0.9
0.1,"Zn","ar1_0.5","log",500,"c4rt",-0.8
0.05,"Zn","ar1_0.5","log",500,"c4rt",-0.7
0,"Zn","ar1_0.5","log",500,"c4rt",-0.6
0.05,"Zn","ar1_0.5","log",500,"c4rt",-0.5
0.05,"Zn","ar1_0.5","log",500,"c4rt",-0.4
0.05,"Zn","ar1_0.5","log",500,"c4rt",-0.3
0,"Zn","ar1_0.5","log",500,"c4rt",-0.2
0.05,"Zn","ar1_0.5","log",500,"c4rt",-0.0999999999999999
0.05,"Zn","ar1_0.5","log",500,"c4rt",0
0,"Zn","ar1_0.5","log",500,"c4rt",0.1
0.1,"Zn","ar1_0.5","log",500,"c4rt",0.2
0,"Zn","ar1_0.5","log",500,"c4rt",0.3
0,"Zn","ar1_0.5","log",500,"c4rt",0.4
0.1,"Zn","ar1_0.5","log",500,"c4rt",0.5
0,"Zn","ar1_0.5","log",500,"c4rt",0.6
0,"Zn","ar1_0.5","log",500,"c4rt",0.7
0,"Zn","ar1_0.5","log",500,"c4rt",0.8
0.15,"Zn","ar1_0.5","log",500,"c4rt",0.9
0,"Zn","ar1_0.5","log",500,"c4rt",1
0.2,"Zn","ar1_0.5","log",500,"c4rt",1.1
0,"Zn","ar1_0.5","log",500,"c4rt",1.2
0.05,"Zn","ar1_0.5","log",500,"c4rt",1.3
0.2,"Zn","ar1_0.5","log",500,"c4rt",1.4
0.15,"Zn","ar1_0.5","log",500,"c4rt",1.5
0.15,"Zn","ar1_0.5","log",500,"c4rt",1.6
0.25,"Zn","ar1_0.5","log",500,"c4rt",1.7
0.25,"Zn","ar1_0.5","log",500,"c4rt",1.8
0.25,"Zn","ar1_0.5","log",500,"c4rt",1.9
0.2,"Zn","ar1_0.5","log",500,"c4rt",2
0.85,"Zn","norm","log",50,"c4rt",-2
0.85,"Zn","norm","log",50,"c4rt",-1.9
0.75,"Zn","norm","log",50,"c4rt",-1.8
0.7,"Zn","norm","log",50,"c4rt",-1.7
0.6,"Zn","norm","log",50,"c4rt",-1.6
0.65,"Zn","norm","log",50,"c4rt",-1.5
0.55,"Zn","norm","log",50,"c4rt",-1.4
0.45,"Zn","norm","log",50,"c4rt",-1.3
0.35,"Zn","norm","log",50,"c4rt",-1.2
0.3,"Zn","norm","log",50,"c4rt",-1.1
0.6,"Zn","norm","log",50,"c4rt",-1
0.3,"Zn","norm","log",50,"c4rt",-0.9
0.2,"Zn","norm","log",50,"c4rt",-0.8
0.3,"Zn","norm","log",50,"c4rt",-0.7
0.25,"Zn","norm","log",50,"c4rt",-0.6
0.2,"Zn","norm","log",50,"c4rt",-0.5
0.05,"Zn","norm","log",50,"c4rt",-0.4
0.1,"Zn","norm","log",50,"c4rt",-0.3
0,"Zn","norm","log",50,"c4rt",-0.2
0.1,"Zn","norm","log",50,"c4rt",-0.0999999999999999
0.05,"Zn","norm","log",50,"c4rt",0
0.05,"Zn","norm","log",50,"c4rt",0.1
0.1,"Zn","norm","log",50,"c4rt",0.2
0.1,"Zn","norm","log",50,"c4rt",0.3
0.05,"Zn","norm","log",50,"c4rt",0.4
0.15,"Zn","norm","log",50,"c4rt",0.5
0.3,"Zn","norm","log",50,"c4rt",0.6
0.2,"Zn","norm","log",50,"c4rt",0.7
0.2,"Zn","norm","log",50,"c4rt",0.8
0.25,"Zn","norm","log",50,"c4rt",0.9
0.2,"Zn","norm","log",50,"c4rt",1
0.55,"Zn","norm","log",50,"c4rt",1.1
0.5,"Zn","norm","log",50,"c4rt",1.2
0.6,"Zn","norm","log",50,"c4rt",1.3
0.55,"Zn","norm","log",50,"c4rt",1.4
0.5,"Zn","norm","log",50,"c4rt",1.5
0.75,"Zn","norm","log",50,"c4rt",1.6
0.7,"Zn","norm","log",50,"c4rt",1.7
0.9,"Zn","norm","log",50,"c4rt",1.8
0.65,"Zn","norm","log",50,"c4rt",1.9
0.85,"Zn","norm","log",50,"c4rt",2
0.9,"Zn","norm","log",200,"c4rt",-2
0.75,"Zn","norm","log",200,"c4rt",-1.9
0.7,"Zn","norm","log",200,"c4rt",-1.8
0.65,"Zn","norm","log",200,"c4rt",-1.7
0.75,"Zn","norm","log",200,"c4rt",-1.6
0.7,"Zn","norm","log",200,"c4rt",-1.5
0.65,"Zn","norm","log",200,"c4rt",-1.4
0.35,"Zn","norm","log",200,"c4rt",-1.3
0.5,"Zn","norm","log",200,"c4rt",-1.2
0.45,"Zn","norm","log",200,"c4rt",-1.1
0.3,"Zn","norm","log",200,"c4rt",-1
0.15,"Zn","norm","log",200,"c4rt",-0.9
0.3,"Zn","norm","log",200,"c4rt",-0.8
0.1,"Zn","norm","log",200,"c4rt",-0.7
0.1,"Zn","norm","log",200,"c4rt",-0.6
0.05,"Zn","norm","log",200,"c4rt",-0.5
0,"Zn","norm","log",200,"c4rt",-0.4
0,"Zn","norm","log",200,"c4rt",-0.3
0.15,"Zn","norm","log",200,"c4rt",-0.2
0,"Zn","norm","log",200,"c4rt",-0.0999999999999999
0.05,"Zn","norm","log",200,"c4rt",0
0.05,"Zn","norm","log",200,"c4rt",0.1
0,"Zn","norm","log",200,"c4rt",0.2
0,"Zn","norm","log",200,"c4rt",0.3
0.1,"Zn","norm","log",200,"c4rt",0.4
0.05,"Zn","norm","log",200,"c4rt",0.5
0.1,"Zn","norm","log",200,"c4rt",0.6
0.05,"Zn","norm","log",200,"c4rt",0.7
0.2,"Zn","norm","log",200,"c4rt",0.8
0.2,"Zn","norm","log",200,"c4rt",0.9
0.25,"Zn","norm","log",200,"c4rt",1
0.2,"Zn","norm","log",200,"c4rt",1.1
0.2,"Zn","norm","log",200,"c4rt",1.2
0.6,"Zn","norm","log",200,"c4rt",1.3
0.55,"Zn","norm","log",200,"c4rt",1.4
0.45,"Zn","norm","log",200,"c4rt",1.5
0.8,"Zn","norm","log",200,"c4rt",1.6
0.65,"Zn","norm","log",200,"c4rt",1.7
0.8,"Zn","norm","log",200,"c4rt",1.8
0.6,"Zn","norm","log",200,"c4rt",1.9
0.85,"Zn","norm","log",200,"c4rt",2
0.9,"Zn","norm","log",500,"c4rt",-2
0.8,"Zn","norm","log",500,"c4rt",-1.9
0.75,"Zn","norm","log",500,"c4rt",-1.8
0.8,"Zn","norm","log",500,"c4rt",-1.7
0.8,"Zn","norm","log",500,"c4rt",-1.6
0.8,"Zn","norm","log",500,"c4rt",-1.5
0.65,"Zn","norm","log",500,"c4rt",-1.4
0.6,"Zn","norm","log",500,"c4rt",-1.3
0.55,"Zn","norm","log",500,"c4rt",-1.2
0.25,"Zn","norm","log",500,"c4rt",-1.1
0.5,"Zn","norm","log",500,"c4rt",-1
0.15,"Zn","norm","log",500,"c4rt",-0.9
0.2,"Zn","norm","log",500,"c4rt",-0.8
0.1,"Zn","norm","log",500,"c4rt",-0.7
0.15,"Zn","norm","log",500,"c4rt",-0.6
0.1,"Zn","norm","log",500,"c4rt",-0.5
0.1,"Zn","norm","log",500,"c4rt",-0.4
0.1,"Zn","norm","log",500,"c4rt",-0.3
0,"Zn","norm","log",500,"c4rt",-0.2
0.05,"Zn","norm","log",500,"c4rt",-0.0999999999999999
0.1,"Zn","norm","log",500,"c4rt",0
0.1,"Zn","norm","log",500,"c4rt",0.1
0.05,"Zn","norm","log",500,"c4rt",0.2
0.05,"Zn","norm","log",500,"c4rt",0.3
0,"Zn","norm","log",500,"c4rt",0.4
0.1,"Zn","norm","log",500,"c4rt",0.5
0.1,"Zn","norm","log",500,"c4rt",0.6
0.15,"Zn","norm","log",500,"c4rt",0.7
0.25,"Zn","norm","log",500,"c4rt",0.8
0.35,"Zn","norm","log",500,"c4rt",0.9
0.35,"Zn","norm","log",500,"c4rt",1
0.35,"Zn","norm","log",500,"c4rt",1.1
0.5,"Zn","norm","log",500,"c4rt",1.2
0.6,"Zn","norm","log",500,"c4rt",1.3
0.45,"Zn","norm","log",500,"c4rt",1.4
0.65,"Zn","norm","log",500,"c4rt",1.5
0.75,"Zn","norm","log",500,"c4rt",1.6
0.8,"Zn","norm","log",500,"c4rt",1.7
0.95,"Zn","norm","log",500,"c4rt",1.8
0.95,"Zn","norm","log",500,"c4rt",1.9
0.9,"Zn","norm","log",500,"c4rt",2
0.25,"Zn","garch11_a0.1_b0.7_o0.5","log",50,"c4rt",-2
0.4,"Zn","garch11_a0.1_b0.7_o0.5","log",50,"c4rt",-1.9
0.4,"Zn","garch11_a0.1_b0.7_o0.5","log",50,"c4rt",-1.8
0.25,"Zn","garch11_a0.1_b0.7_o0.5","log",50,"c4rt",-1.7
0.4,"Zn","garch11_a0.1_b0.7_o0.5","log",50,"c4rt",-1.6
0.25,"Zn","garch11_a0.1_b0.7_o0.5","log",50,"c4rt",-1.5
0.25,"Zn","garch11_a0.1_b0.7_o0.5","log",50,"c4rt",-1.4
0.25,"Zn","garch11_a0.1_b0.7_o0.5","log",50,"c4rt",-1.3
0.2,"Zn","garch11_a0.1_b0.7_o0.5","log",50,"c4rt",-1.2
0.2,"Zn","garch11_a0.1_b0.7_o0.5","log",50,"c4rt",-1.1
0.3,"Zn","garch11_a0.1_b0.7_o0.5","log",50,"c4rt",-1
0.15,"Zn","garch11_a0.1_b0.7_o0.5","log",50,"c4rt",-0.9
0.1,"Zn","garch11_a0.1_b0.7_o0.5","log",50,"c4rt",-0.8
0,"Zn","garch11_a0.1_b0.7_o0.5","log",50,"c4rt",-0.7
0.05,"Zn","garch11_a0.1_b0.7_o0.5","log",50,"c4rt",-0.6
0.05,"Zn","garch11_a0.1_b0.7_o0.5","log",50,"c4rt",-0.5
0.05,"Zn","garch11_a0.1_b0.7_o0.5","log",50,"c4rt",-0.4
0.1,"Zn","garch11_a0.1_b0.7_o0.5","log",50,"c4rt",-0.3
0.05,"Zn","garch11_a0.1_b0.7_o0.5","log",50,"c4rt",-0.2
0.1,"Zn","garch11_a0.1_b0.7_o0.5","log",50,"c4rt",-0.0999999999999999
0.05,"Zn","garch11_a0.1_b0.7_o0.5","log",50,"c4rt",0
0,"Zn","garch11_a0.1_b0.7_o0.5","log",50,"c4rt",0.1
0.05,"Zn","garch11_a0.1_b0.7_o0.5","log",50,"c4rt",0.2
0.05,"Zn","garch11_a0.1_b0.7_o0.5","log",50,"c4rt",0.3
0.15,"Zn","garch11_a0.1_b0.7_o0.5","log",50,"c4rt",0.4
0.15,"Zn","garch11_a0.1_b0.7_o0.5","log",50,"c4rt",0.5
0.1,"Zn","garch11_a0.1_b0.7_o0.5","log",50,"c4rt",0.6
0.2,"Zn","garch11_a0.1_b0.7_o0.5","log",50,"c4rt",0.7
0.1,"Zn","garch11_a0.1_b0.7_o0.5","log",50,"c4rt",0.8
0.25,"Zn","garch11_a0.1_b0.7_o0.5","log",50,"c4rt",0.9
0.15,"Zn","garch11_a0.1_b0.7_o0.5","log",50,"c4rt",1
0.4,"Zn","garch11_a0.1_b0.7_o0.5","log",50,"c4rt",1.1
0.25,"Zn","garch11_a0.1_b0.7_o0.5","log",50,"c4rt",1.2
0.4,"Zn","garch11_a0.1_b0.7_o0.5","log",50,"c4rt",1.3
0.25,"Zn","garch11_a0.1_b0.7_o0.5","log",50,"c4rt",1.4
0.4,"Zn","garch11_a0.1_b0.7_o0.5","log",50,"c4rt",1.5
0.2,"Zn","garch11_a0.1_b0.7_o0.5","log",50,"c4rt",1.6
0.35,"Zn","garch11_a0.1_b0.7_o0.5","log",50,"c4rt",1.7
0.35,"Zn","garch11_a0.1_b0.7_o0.5","log",50,"c4rt",1.8
0.6,"Zn","garch11_a0.1_b0.7_o0.5","log",50,"c4rt",1.9
0.5,"Zn","garch11_a0.1_b0.7_o0.5","log",50,"c4rt",2
0.45,"Zn","garch11_a0.1_b0.7_o0.5","log",200,"c4rt",-2
0.2,"Zn","garch11_a0.1_b0.7_o0.5","log",200,"c4rt",-1.9
0.45,"Zn","garch11_a0.1_b0.7_o0.5","log",200,"c4rt",-1.8
0.3,"Zn","garch11_a0.1_b0.7_o0.5","log",200,"c4rt",-1.7
0.3,"Zn","garch11_a0.1_b0.7_o0.5","log",200,"c4rt",-1.6
0.25,"Zn","garch11_a0.1_b0.7_o0.5","log",200,"c4rt",-1.5
0.15,"Zn","garch11_a0.1_b0.7_o0.5","log",200,"c4rt",-1.4
0.1,"Zn","garch11_a0.1_b0.7_o0.5","log",200,"c4rt",-1.3
0.3,"Zn","garch11_a0.1_b0.7_o0.5","log",200,"c4rt",-1.2
0.2,"Zn","garch11_a0.1_b0.7_o0.5","log",200,"c4rt",-1.1
0.3,"Zn","garch11_a0.1_b0.7_o0.5","log",200,"c4rt",-1
0.2,"Zn","garch11_a0.1_b0.7_o0.5","log",200,"c4rt",-0.9
0.05,"Zn","garch11_a0.1_b0.7_o0.5","log",200,"c4rt",-0.8
0.05,"Zn","garch11_a0.1_b0.7_o0.5","log",200,"c4rt",-0.7
0.05,"Zn","garch11_a0.1_b0.7_o0.5","log",200,"c4rt",-0.6
0.05,"Zn","garch11_a0.1_b0.7_o0.5","log",200,"c4rt",-0.5
0,"Zn","garch11_a0.1_b0.7_o0.5","log",200,"c4rt",-0.4
0.05,"Zn","garch11_a0.1_b0.7_o0.5","log",200,"c4rt",-0.3
0.05,"Zn","garch11_a0.1_b0.7_o0.5","log",200,"c4rt",-0.2
0.05,"Zn","garch11_a0.1_b0.7_o0.5","log",200,"c4rt",-0.0999999999999999
0,"Zn","garch11_a0.1_b0.7_o0.5","log",200,"c4rt",0
0.05,"Zn","garch11_a0.1_b0.7_o0.5","log",200,"c4rt",0.1
0.05,"Zn","garch11_a0.1_b0.7_o0.5","log",200,"c4rt",0.2
0.05,"Zn","garch11_a0.1_b0.7_o0.5","log",200,"c4rt",0.3
0.05,"Zn","garch11_a0.1_b0.7_o0.5","log",200,"c4rt",0.4
0.05,"Zn","garch11_a0.1_b0.7_o0.5","log",200,"c4rt",0.5
0.1,"Zn","garch11_a0.1_b0.7_o0.5","log",200,"c4rt",0.6
0.1,"Zn","garch11_a0.1_b0.7_o0.5","log",200,"c4rt",0.7
0,"Zn","garch11_a0.1_b0.7_o0.5","log",200,"c4rt",0.8
0.05,"Zn","garch11_a0.1_b0.7_o0.5","log",200,"c4rt",0.9
0.05,"Zn","garch11_a0.1_b0.7_o0.5","log",200,"c4rt",1
0.2,"Zn","garch11_a0.1_b0.7_o0.5","log",200,"c4rt",1.1
0.45,"Zn","garch11_a0.1_b0.7_o0.5","log",200,"c4rt",1.2
0.2,"Zn","garch11_a0.1_b0.7_o0.5","log",200,"c4rt",1.3
0.3,"Zn","garch11_a0.1_b0.7_o0.5","log",200,"c4rt",1.4
0.35,"Zn","garch11_a0.1_b0.7_o0.5","log",200,"c4rt",1.5
0.25,"Zn","garch11_a0.1_b0.7_o0.5","log",200,"c4rt",1.6
0.35,"Zn","garch11_a0.1_b0.7_o0.5","log",200,"c4rt",1.7
0.15,"Zn","garch11_a0.1_b0.7_o0.5","log",200,"c4rt",1.8
0.45,"Zn","garch11_a0.1_b0.7_o0.5","log",200,"c4rt",1.9
0.55,"Zn","garch11_a0.1_b0.7_o0.5","log",200,"c4rt",2
0.3,"Zn","garch11_a0.1_b0.7_o0.5","log",500,"c4rt",-2
0.4,"Zn","garch11_a0.1_b0.7_o0.5","log",500,"c4rt",-1.9
0.45,"Zn","garch11_a0.1_b0.7_o0.5","log",500,"c4rt",-1.8
0.3,"Zn","garch11_a0.1_b0.7_o0.5","log",500,"c4rt",-1.7
0.3,"Zn","garch11_a0.1_b0.7_o0.5","log",500,"c4rt",-1.6
0.35,"Zn","garch11_a0.1_b0.7_o0.5","log",500,"c4rt",-1.5
0.45,"Zn","garch11_a0.1_b0.7_o0.5","log",500,"c4rt",-1.4
0.15,"Zn","garch11_a0.1_b0.7_o0.5","log",500,"c4rt",-1.3
0.15,"Zn","garch11_a0.1_b0.7_o0.5","log",500,"c4rt",-1.2
0.05,"Zn","garch11_a0.1_b0.7_o0.5","log",500,"c4rt",-1.1
0.2,"Zn","garch11_a0.1_b0.7_o0.5","log",500,"c4rt",-1
0.1,"Zn","garch11_a0.1_b0.7_o0.5","log",500,"c4rt",-0.9
0.1,"Zn","garch11_a0.1_b0.7_o0.5","log",500,"c4rt",-0.8
0.1,"Zn","garch11_a0.1_b0.7_o0.5","log",500,"c4rt",-0.7
0,"Zn","garch11_a0.1_b0.7_o0.5","log",500,"c4rt",-0.6
0.1,"Zn","garch11_a0.1_b0.7_o0.5","log",500,"c4rt",-0.5
0,"Zn","garch11_a0.1_b0.7_o0.5","log",500,"c4rt",-0.4
0.25,"Zn","garch11_a0.1_b0.7_o0.5","log",500,"c4rt",-0.3
0.1,"Zn","garch11_a0.1_b0.7_o0.5","log",500,"c4rt",-0.2
0,"Zn","garch11_a0.1_b0.7_o0.5","log",500,"c4rt",-0.0999999999999999
0,"Zn","garch11_a0.1_b0.7_o0.5","log",500,"c4rt",0
0,"Zn","garch11_a0.1_b0.7_o0.5","log",500,"c4rt",0.1
0.05,"Zn","garch11_a0.1_b0.7_o0.5","log",500,"c4rt",0.2
0,"Zn","garch11_a0.1_b0.7_o0.5","log",500,"c4rt",0.3
0,"Zn","garch11_a0.1_b0.7_o0.5","log",500,"c4rt",0.4
0.15,"Zn","garch11_a0.1_b0.7_o0.5","log",500,"c4rt",0.5
0,"Zn","garch11_a0.1_b0.7_o0.5","log",500,"c4rt",0.6
0,"Zn","garch11_a0.1_b0.7_o0.5","log",500,"c4rt",0.7
0.1,"Zn","garch11_a0.1_b0.7_o0.5","log",500,"c4rt",0.8
0.35,"Zn","garch11_a0.1_b0.7_o0.5","log",500,"c4rt",0.9
0.15,"Zn","garch11_a0.1_b0.7_o0.5","log",500,"c4rt",1
0.35,"Zn","garch11_a0.1_b0.7_o0.5","log",500,"c4rt",1.1
0.05,"Zn","garch11_a0.1_b0.7_o0.5","log",500,"c4rt",1.2
0.2,"Zn","garch11_a0.1_b0.7_o0.5","log",500,"c4rt",1.3
0.35,"Zn","garch11_a0.1_b0.7_o0.5","log",500,"c4rt",1.4
0.25,"Zn","garch11_a0.1_b0.7_o0.5","log",500,"c4rt",1.5
0.35,"Zn","garch11_a0.1_b0.7_o0.5","log",500,"c4rt",1.6
0.35,"Zn","garch11_a0.1_b0.7_o0.5","log",500,"c4rt",1.7
0.4,"Zn","garch11_a0.1_b0.7_o0.5","log",500,"c4rt",1.8
0.4,"Zn","garch11_a0.1_b0.7_o0.5","log",500,"c4rt",1.9
0.4,"Zn","garch11_a0.1_b0.7_o0.5","log",500,"c4rt",2
